Anneal Time,Temperature,PbI2_vol,BAAc_vol,MAI_vol,R PbI2,R BAAc,R MAI,QW 1,QW 2,QW 3,QW 4,QW 5,QW 6,QW 7,QW 8,QW 9,QW 10,QW 11,QW 12,QW 99,files
5.0,60.0,109.1,54.5,136.4,1.0,0.5,1.25,0.0,0.0,0.45087676578171587,0.0,0.29010152503356257,0.2573770424663738,0.25712160266909445,0.2937384016734472,0.2931168564594391,0.0,0.0,0.0,0.39525279217925746,N2 R0 60C sample1_Subt2__0__
5.0,60.0,109.1,54.5,136.4,1.0,0.5,1.25,0.0,0.1358462575480462,0.31136235457521716,0.24851169482862212,0.18840030121340143,0.17055589281381112,0.0,0.0,0.22018000344925495,0.22014298827562875,0.1920217374300873,0.2234867044444847,0.16509274969531496,N2 R0 105C sample1_Subt2__0__
5.0,60.0,85.7,85.7,128.6,1.0,1.0,1.5,0.0,0.39155263854195693,0.3345566709507382,0.2620094121434793,0.2099395071502542,0.0,0.20567500024032256,0.20018506376754078,0.0,0.19887175851910818,0.19873630780617443,0.2024662339701566,0.2002022921742973,N2 R0 150C sample1_Subt2__0__
5.0,60.0,85.7,85.7,128.6,1.0,1.0,1.5,0.0,0.44176548175499364,0.34112883942939204,0.0,0.2645313165534336,0.2500345883908084,0.0,0.0,0.2339250417877212,0.2262870768059638,0.22600522574477003,0.22576643025741247,0.0,N2 R0 60C sample2_Subt2__0__
30.0,60.0,109.1,54.5,136.4,1.0,0.5,1.25,0.0,0.3288563806283523,0.5113070066811596,0.0,0.3057382419681335,0.2553599065208022,0.2548021371663787,0.0,0.0,0.0,0.0,0.2877939238117735,0.29138480447262155,N2 R0 105C sample2_Subt2__0__
30.0,60.0,109.1,54.5,136.4,1.0,0.5,1.25,0.0,0.24893678714747425,0.42118487051769127,0.2504465039549489,0.0,0.0,0.19375483303543917,0.17081290066527818,0.2516609692352553,0.19335907121032803,0.1931565289893706,0.193005028399258,0.22556522129529585,N2 R0 150C sample2_Subt2__0__
30.0,60.0,85.7,85.7,128.6,1.0,1.0,1.5,0.0,0.2998764544537952,0.3149807688458676,0.20463576817383985,0.19506970589470832,0.0,0.24148932240455093,0.0,0.17427054786530868,0.1741742196656234,0.14511050936235,0.1449374148067096,0.1595624981716945,N2 R0 60C sample3_Subt2__0__
30.0,60.0,85.7,85.7,128.6,1.0,1.0,1.5,0.0,0.4494704599584895,0.4438460869040497,0.0,0.0,0.3167178327423133,0.0,0.0,0.2822511502811775,0.2822511502811775,0.28223312510773907,0.2820277932451967,0.2861770346484951,N2 R0 105C sample3_Subt2__0__
60.0,60.0,109.1,54.5,136.4,1.0,0.5,1.25,0.0,0.21427089724171453,0.35534971572658086,0.0,0.2996992790671516,0.0,0.18431934827225208,0.3184425173782071,0.0,0.0,0.30885593509662396,0.308696121255903,0.2984305294982983,N2 R0 150C sample3_Subt2__0__
60.0,60.0,109.1,54.5,136.4,1.0,0.5,1.25,0.0,0.2552702419393041,0.4456589030501546,0.0,0.0,0.0,0.0,0.0,0.3414612778266768,0.3317902387200182,0.3315906369869686,0.3167907932494469,0.3217841561216175,N2 R0 60C sample4_Subt2__0__
60.0,60.0,85.7,85.7,128.6,1.0,1.0,1.5,0.0,0.4192123878272347,0.3060349666952882,0.0,0.0,0.2467117012580258,0.20723507048139786,0.2099125200791465,0.20465618413413833,0.20023564558940946,0.19909203049327082,0.1988433190034354,0.20065128763972165,N2 R0 105C sample4_Subt2__0__
60.0,60.0,85.7,85.7,128.6,1.0,1.0,1.5,0.0,0.42844561888539084,0.2972932092958248,0.0,0.23248162956549015,0.2423915256307966,0.0,0.2111901272801405,0.2056132655295203,0.20296245107394384,0.20277237975326137,0.199946078596004,0.2008621136767197,N2 R0 150C sample4_Subt2__0__
5.0,105.0,109.1,54.5,136.4,1.0,0.5,1.25,0.0,0.0,0.34875895586858724,0.37819158751373777,0.47433540070669533,0.0,0.0,0.0,0.0,0.0,0.0,0.31218743075599326,0.31789841993368667,N2 R0 60C sample5_Subt2__0__
5.0,105.0,109.1,54.5,136.4,1.0,0.5,1.25,0.0,0.0,0.3490033686985993,0.40528190591139485,0.44693213256531367,0.0,0.0,0.0,0.0,0.0,0.0,0.32406929911746335,0.3298104777546375,N2 R0 105C sample5_Subt2__0__
5.0,105.0,85.7,85.7,128.6,1.0,1.0,1.5,0.18920086947336498,0.32266150184970516,0.23643218112292416,0.15262947679752958,0.148621723959552,0.13420499042576498,0.14906541567638965,0.0,0.0,0.14671582528575491,0.1147128948504592,0.11462881756087813,0.1550530064229721,N2 R0 150C sample5_Subt2__0__
5.0,105.0,85.7,85.7,128.6,1.0,1.0,1.5,0.0,0.40155081804826437,0.32606920347907303,0.24439306453631748,0.0,0.21120138338809524,0.21690826618054584,0.0,0.0,0.20801876290930363,0.20785422090240105,0.20772859008133548,0.20431036393999333,N2 R0 60C sample6_Subt2__0__
30.0,105.0,109.1,54.5,136.4,1.0,0.5,1.25,0.0,0.0,0.316024122943294,0.43151742268121246,0.42081977637618967,0.0,0.0,0.0,0.0,0.0,0.0,0.29632144639362074,0.30211787650687244,N2 R0 105C sample6_Subt2__0__
30.0,105.0,109.1,54.5,136.4,1.0,0.5,1.25,0.0,0.0,0.27669806211427533,0.3559318889270388,0.3785083514630614,0.0,0.34564008242914634,0.0,0.30649029455178717,0.2651208998710703,0.26468120369080383,0.26436816790818624,0.0,N2 R0 150C sample6_Subt2__0__
30.0,105.0,85.7,85.7,128.6,1.0,1.0,1.5,0.0,0.25849572388208086,0.23516166130117555,0.18509730994857018,0.0,0.0,0.41437688781689236,0.0,0.0,0.22208074623559004,0.21177263170441515,0.21161310275901626,0.20213495245289856,N2 R0 60C sample7_Subt2__0__
30.0,105.0,85.7,85.7,128.6,1.0,1.0,1.5,0.0,0.3764107718271901,0.3362675869039394,0.2655877390870405,0.0,0.0,0.40984596247368105,0.0,0.0,0.0,0.0,0.3302794561974775,0.33437724705065114,N2 R0 105C sample7_Subt2__0__
60.0,105.0,109.1,54.5,136.4,1.0,0.5,1.25,0.0,0.0,0.0,0.34860456405001417,0.5023528204044019,0.0,0.0,0.0,0.0,0.33055357150441506,0.3064580344075259,0.3056809490494294,0.0,N2 R0 150C sample7_Subt2__0__
60.0,105.0,109.1,54.5,136.4,1.0,0.5,1.25,0.0,0.0,0.28287130940671384,0.46024427923898314,0.3093169879294597,0.0,0.0,0.0,0.2986777907586125,0.3307485973370333,0.0,0.0,0.0,N2 R0 60C sample8_Subt2__0__
60.0,105.0,85.7,85.7,128.6,1.0,1.0,1.5,0.0,0.3178393580474997,0.22567133503387093,0.17647925035387602,0.0,0.0,0.35509186562072004,0.0,0.24824520083343235,0.24811808408378797,0.1967822046647969,0.19734557138433828,0.0,N2 R0 105C sample8_Subt2__0__
60.0,105.0,85.7,85.7,128.6,1.0,1.0,1.5,0.11794523611147938,0.26309936294677944,0.261010804078141,0.1304509299039571,0.0,0.0,0.2969100732959416,0.2093760479976117,0.20929771693526708,0.21737952403321503,0.19165782336675288,0.2133827300098848,0.0,N2 R0 150C sample8_Subt2__0__
5.0,150.0,109.1,54.5,136.4,1.0,0.5,1.25,0.0,0.0,0.4337161641470208,0.41652338829010355,0.37087239546251816,0.0,0.0,0.0,0.0,0.0,0.0,0.2736860109765967,0.2794059444195082,N2 R0 60C sample9_Subt2__0__
5.0,150.0,109.1,54.5,136.4,1.0,0.5,1.25,0.0,0.0,0.43107900986366926,0.4783452236148107,0.0,0.0,0.0,0.0,0.0,0.0,0.0,0.3183185881337459,0.32605681301496275,N2 R0 105C sample9_Subt2__0__
5.0,150.0,85.7,85.7,128.6,1.0,1.0,1.5,0.0,0.31017265091464585,0.35809798543895827,0.0,0.0,0.0,0.549206791468687,0.0,0.0,0.0,0.0,0.0,0.0,N2 R0 150C sample9_Subt2__0__
5.0,150.0,85.7,85.7,128.6,1.0,1.0,1.5,0.0,0.24068221988349167,0.37658533306309744,0.3140438029829486,0.0,0.0,0.33320740530297466,0.3543286879196841,0.3540193937563481,0.33777893568452244,0.0,0.0,0.0,N2 R0 60C sample10_Subt2__0__
30.0,150.0,109.1,54.5,136.4,1.0,0.5,1.25,0.0,0.2577422014735247,0.36013553154785133,0.4287204088813412,0.36196879103730467,0.0,0.0,0.0,0.0,0.0,0.0,0.237970444606744,0.24184388624460174,N2 R0 105C sample10_Subt2__0__
30.0,150.0,109.1,54.5,136.4,1.0,0.5,1.25,0.0,0.19242472506859862,0.35230653224585223,0.32152875099121025,0.2637062830987068,0.0,0.0,0.2394327660891374,0.217122239958362,0.21691995636061137,0.0,0.0,0.214517232429994,N2 R0 150C sample10_Subt2__0__
30.0,150.0,85.7,85.7,128.6,1.0,1.0,1.5,0.16879904875638188,0.22435117774913715,0.21674354655501119,0.19880076969644866,0.18167428612477857,0.3355039784481146,0.0,0.0,0.0,0.11834228473623161,0.11827736474384083,0.19999236802275944,0.12469638019870116,N2 R0 60C sample11_Subt2__0__
30.0,150.0,85.7,85.7,128.6,1.0,1.0,1.5,0.0,0.22888204258427827,0.32623340240655435,0.24709890903622148,0.2777478859671185,0.0,0.2913886903989779,0.2646180883083924,0.2644147116889198,0.27210965748968396,0.27192942076953724,0.27179379512279567,0.28721319114259153,N2 R0 105C sample11_Subt2__0__
60.0,150.0,109.1,54.5,136.4,1.0,0.5,1.25,0.0,0.0,0.32559035732575464,0.29861011115213165,0.2733093431795739,0.0,0.0,0.0,0.0,0.0,0.0,0.0,0.5254398526491243,N2 R0 150C sample11_Subt2__0__
60.0,150.0,109.1,54.5,136.4,1.0,0.5,1.25,0.0,0.2545996383400488,0.3541048142959084,0.3473026447227729,0.33413699464033614,0.0,0.0,0.0,0.0,0.0,0.0,0.0,0.49237935389824533,N2 R0 60C sample12_Subt2__0__
60.0,150.0,85.7,85.7,128.6,1.0,1.0,1.5,0.19877255626082554,0.29107144458463435,0.29451776623712367,0.0,0.22519038722082807,0.1866012646747509,0.22086018152039413,0.0,0.0,0.3216283888904453,0.3215246110587169,0.32144460729253516,0.293989800888519,N2 R0 105C sample12_Subt2__0__
60.0,150.0,85.7,85.7,128.6,1.0,1.0,1.5,0.0,0.32604858643301216,0.29968424529536586,0.24048820594354278,0.29834525884408386,0.0,0.3803858426234918,0.380032527309844,0.0,0.0,0.0,0.0,0.3526438361309056,N2 R0 150C sample12_Subt2__0__
60.0,60.0,83.33,83.33,133.33,1.0,1.0,1.6,0.0,0.4531018374933513,0.38506383214632645,0.27841465615391514,0.26872675477610236,0.0,0.25639563085797684,0.2574157210859483,0.2536595790614002,0.25448710267071545,0.0,0.0,0.0,N2 R1 sample 1_Subt2__0__13-46-10-938.csv
60.0,60.0,83.33,83.33,133.33,1.0,1.0,1.6,0.0,0.4575332908051591,0.3278875135216706,0.2394565129769479,0.0,0.23855331573961122,0.22809208460697225,0.23220432212959866,0.0,0.0,0.0,0.0,0.0,N2 R1 sample 2_Subt2__0__13-48-48-934.csv
60.0,60.0,90.91,72.73,136.36,1.0,0.8,1.5,0.0,0.21911287961521456,0.3896981595183606,0.2253551763413896,0.199921443453268,0.0,0.14957908220149588,0.14375778548096976,0.14234050661184347,0.14386247468746136,0.15195929587676754,0.1537848307355779,0.15142165363608723,N2 R1 sample 3_Subt2__0__14-07-40-908.csv
60.0,60.0,90.91,72.73,136.36,1.0,0.8,1.5,0.0,0.12478181285940133,0.3046354264812369,0.1996109367695594,0.15138924407746643,0.0,0.13240158521325315,0.13247424910033784,0.10285699057727614,0.09682732646646364,0.09422376244122856,0.13857604575820298,0.10949131918298755,N2 R1 sample 4_Subt2__0__14-05-03-412.csv
45.0,60.0,86.21,77.59,136.21,1.0,0.9,1.58,0.0,0.3671169986548646,0.41464663414495195,0.3138590812278733,0.2516668285232004,0.0,0.23845488826580427,0.22593406086852297,0.22571109875553963,0.22544776627410756,0.0,0.2264783938068505,0.22918132034187488,N2 R1 sample 5_Subt2__0__13-45-45-439.csv
45.0,60.0,86.21,77.59,136.21,1.0,0.9,1.58,0.0,0.4714274141889427,0.364984165844961,0.0,0.27701791266765013,0.0,0.25370887728732733,0.2591957332011097,0.2545162022473979,0.25801437305002467,0.25599347264743877,0.2557603891576603,0.25611177115126327,N2 R1 sample 6_Subt2__0__13-33-03-956.csv
45.0,60.0,85.23,93.75,121.02,1.0,1.1,1.42,0.0,0.3647186459160792,0.24965353183976713,0.0,0.16722249140657452,0.1669419887128547,0.18338233895024392,0.14735504560826782,0.18164651437442836,0.14523068764920713,0.144959506802634,0.15772453556127852,0.1604050599820195,N2 R1 sample 7_Subt2__0__13-33-21-456.csv
45.0,60.0,85.23,93.75,121.02,1.0,1.1,1.42,0.0,0.5339578258315967,0.36783742502023586,0.0,0.0,0.2886783440536193,0.3103104433905101,0.0,0.0,0.0,0.0,0.0,0.0,N2 R1 sample 8_Subt2__0__13-30-45-460.csv
40.0,60.0,82.19,90.41,127.4,1.0,1.1,1.55,0.0,0.3603297855200927,0.30971426432821575,0.18075602193159893,0.1912634321539596,0.0,0.18192161923611186,0.18271373242594838,0.17011456111974774,0.1865363806212558,0.16969917760016373,0.16951245325475806,0.0,N2 R1 sample 9_Subt2__0__14-03-03-914.csv
40.0,60.0,82.19,90.41,127.4,1.0,1.1,1.55,0.0,0.49074933591232783,0.2966287361975525,0.0,0.24304306310513243,0.23971702055542468,0.235095435407465,0.23425415979945466,0.0,0.0,0.0,0.0,0.0,N2 R1 sample 10_Subt2__0__14-02-13-415.csv
40.0,60.0,89.55,80.6,129.85,1.0,0.9,1.45,0.0,0.39337168840621367,0.2776021150960793,0.1962021193347473,0.18871368205502836,0.0,0.0,0.0,0.17527079959717418,0.17642237407324646,0.17270305638521777,0.17255214907333052,0.19146257412540849,N2 R1 sample 11_Subt2__0__13-31-30-959.csv
40.0,60.0,89.55,80.6,129.85,1.0,0.9,1.45,0.0,0.38152149740135294,0.2886281729978816,0.19487532660918502,0.18641850747393982,0.1788649811358747,0.1706859342926477,0.17434822066693098,0.18260477492483232,0.0,0.0,0.18885802138594635,0.17203718173020185,N2 R1 sample 12_Subt2__0__13-32-27-460.csv
60.0,70.0,81.08,89.19,129.73,1.0,1.1,1.6,0.0,0.3780223073242845,0.29133749724772634,0.23488397796519353,0.1784166052191776,0.19232415260503402,0.18654126305147312,0.1848628877104729,0.16958212906259382,0.1696035589775865,0.16926289476596942,0.1690996868882988,0.17140439759257375,N2 R2  sample 1_Subt2__0__15-56-15-757.csv
60.0,70.0,81.08,89.19,129.73,1.0,1.1,1.6,0.0,0.3192012051551293,0.27676686484417357,0.25131627382580163,0.0,0.0,0.4670977618700618,0.0,0.0,0.0,0.0,0.24101988634708524,0.24508203451132068,N2 R2  sample 2_Subt2__0__15-59-53-252.csv
40.0,70.0,81.52,88.04,130.43,1.0,1.08,1.6,0.0,0.475406152444881,0.30648094320788316,0.0,0.25850560240019055,0.0,0.2799733439485853,0.0,0.23142055520320473,0.23155701247908408,0.2260684566143344,0.22578104195313012,0.0,N2 R2  sample 3_Subt2__0__15-45-01-772.csv
40.0,70.0,81.52,88.04,130.43,1.0,1.08,1.6,0.0,0.45794264623517406,0.3304780971447716,0.25617821226666515,0.0,0.2593963410100309,0.2356896723414497,0.23500218810179418,0.0,0.0,0.0,0.0,0.0,N2 R2  sample 4_Subt2__0__15-43-40-274.csv
25.0,70.0,82.87,84.53,132.6,1.0,1.02,1.6,0.0,0.4786149552199573,0.3587875983442148,0.263677349773576,0.2537227600435233,0.253937594661802,0.25381273853703945,0.2536003639999536,0.2533503164072258,0.2530453415830168,0.0,0.2689707442512023,0.2716501286793589,N2 R2  sample 5_Subt2__0__15-25-22-799.csv
25.0,70.0,82.87,84.53,132.6,1.0,1.02,1.6,0.0,0.5055281764372596,0.3394014927074618,0.26644588110657036,0.2633416949415602,0.0,0.2549786763612157,0.0,0.0,0.0,0.0,0.0,0.0,N2 R2  sample 6_Subt2__0__15-25-47-300.csv
5.0,70.0,81.08,89.19,129.73,1.0,1.1,1.6,0.0,0.48957860455601,0.35042123773110684,0.0,0.3276792716715787,0.0,0.3015341477662466,0.25518730181049787,0.25484604808506883,0.25408971818062653,0.25381206653382554,0.0,0.0,N2 R2  sample 7_Subt2__0__15-06-36-826.csv
5.0,70.0,81.08,89.19,129.73,1.0,1.1,1.6,0.0,0.35584683457127625,0.31682509126649,0.25321233278686966,0.25338256556320504,0.0,0.26489371848616833,0.1943851622843208,0.19406345338762754,0.18045197129418453,0.0,0.0,0.0,N2 R2  sample 8_Subt2__0__15-06-58-826.csv
5.0,70.0,86.96,73.91,139.13,1.0,0.85,1.6,0.0,0.30181618557827855,0.3683311475355078,0.0,0.21862898248244259,0.0,0.17549659395677378,0.18410125059493432,0.17077039700832644,0.1706856045758193,0.17049219113965688,0.18476593947724,0.18172571584386435,N2 R2  sample 9_Subt2__0__15-10-05-322.csv
5.0,70.0,86.96,73.91,139.13,1.0,0.85,1.6,0.0,0.399779234322076,0.3815817902373175,0.0,0.2546253273381131,0.0,0.23804763666495743,0.2297844309686966,0.2309666615487992,0.22694779873937898,0.22667016010128904,0.23044902808903178,0.2334260842724476,N2 R2  sample 10_Subt2__0__15-11-04-321.csv
5.0,70.0,90.91,100.0,109.09,1.0,1.1,1.2,0.0,0.0,0.0,0.0,0.0,0.0,0.0,0.0,0.0,0.0,0.0,0.0,0.0,N2 R2  sample 11_Subt2__0__15-12-09-820.csv
5.0,70.0,90.91,100.0,109.09,1.0,1.1,1.2,0.0,0.0,0.0,0.0,0.0,0.0,0.0,0.0,0.0,0.0,0.0,0.0,0.0,N2 R2  sample 12_Subt2__0__15-12-33-818.csv
35.0,60.0,81.52,88.04,130.43,1.0,1.08,1.6,0.0,0.4475808412076807,0.28055987765954055,0.23047599466393445,0.25120707644746637,0.0,0.2590753469980377,0.0,0.22757077303109152,0.197986278572696,0.19774823932302385,0.0,0.0,N2 R3 sample 1_Subt2__0__17-28-06-629.csv
35.0,60.0,81.52,88.04,130.43,1.0,1.08,1.6,0.0,0.4760673335365963,0.3729957335297736,0.30984551508633645,0.0,0.0,0.34631734762418676,0.0,0.0,0.0,0.0,0.0,0.0,N2 R3 sample 2_Subt2__0__17-27-45-629.csv
35.0,60.0,83.33,83.33,133.33,1.0,1.0,1.6,0.0,0.44552298680329755,0.3374372066070542,0.0,0.23923906556715557,0.0,0.2487926613654562,0.241404126647125,0.22684001111239804,0.226546946934278,0.2260097952715985,0.2257773599794097,0.0,N2 R3 sample 3_Subt2__0__17-28-32-628.csv
35.0,60.0,83.33,83.33,133.33,1.0,1.0,1.6,0.0,0.48420414788266175,0.3656020779090321,0.28766561668265,0.0,0.0,0.2694901987220257,0.0,0.0,0.0,0.0,0.0,0.0,N2 R3 sample 4_Subt2__0__17-28-51-128.csv
35.0,60.0,100.0,40.0,160.0,1.0,0.4,1.6,0.0,0.0,0.0,0.0,0.0,0.0,0.0,0.0,0.0,0.725658503851978,0.7953632395167246,0.5216160019009074,0.0,N2 R3 sample 5_Subt2__0__17-29-22-627.csv
35.0,60.0,100.0,40.0,160.0,1.0,0.4,1.6,0.0,0.0,0.0,0.0,0.0,0.0,0.0,0.0,0.0,0.0,0.7787843635289177,0.5659350637561716,0.0,N2 R3 sample 6_Subt2__0__17-30-10-626.csv
20.0,60.0,83.33,83.33,133.33,1.0,1.0,1.6,0.0,0.5569378095573781,0.42263039480110476,0.323788295173117,0.0,0.0,0.0,0.0,0.0,0.0,0.0,0.0,0.0,N2 R3 sample 7_Subt2__0__17-14-56-647.csv
20.0,60.0,83.33,83.33,133.33,1.0,1.0,1.6,0.0,0.5875572545772574,0.4280576039935076,0.0,0.0,0.0,0.0,0.0,0.0,0.0,0.0,0.0,0.0,N2 R3 sample 8_Subt2__0__17-15-21-147.csv
5.0,60.0,100.0,40.0,160.0,1.0,0.4,1.6,0.0,0.0,0.0,0.27531627766517186,0.0,0.0,0.3755963118599399,0.0,0.0,0.41243153495674173,0.3134359783949375,0.38785221218759863,0.0,N2 R3 sample 9_Subt2__0__17-00-41-667.csv
5.0,60.0,100.0,40.0,160.0,1.0,0.4,1.6,0.0,0.0,0.2474634199018545,0.29058615570832896,0.0,0.0,0.0,0.0,0.31800813220198215,0.380046147064927,0.4119037267582579,0.4113861148785558,0.0,N2 R3 sample 10_Subt2__0__17-01-28-169.csv
5.0,60.0,109.09,43.64,147.27,1.0,0.4,1.35,0.0,0.0,0.3050626201305617,0.2944817201031947,0.3359417413059431,0.0,0.5176863464733475,0.5164539014055856,0.0,0.0,0.0,0.0,0.0,N2 R3 sample 11_Subt2__0__17-02-35-665.csv
5.0,60.0,109.09,43.64,147.27,1.0,0.4,1.35,0.0,0.0,0.3992842028897372,0.2924672707537855,0.2510481816510453,0.0,0.332714238447516,0.2391746042727468,0.23865867575973654,0.0,0.0,0.0,0.2454372527466466,N2 R3 sample 12_Subt2__0__17-09-01-655.csv
60.0,150.0,97.4,48.7,153.9,1.0,0.5,1.58,0.0,0.3173374662861628,0.0,0.3129170512404456,0.3127267542084693,0.0,0.0,0.0,0.0,0.0,0.0,0.0,0.6411502861738198,N2 R4 sample 1_Subt2__0__19-17-26-976.csv
60.0,150.0,97.4,48.7,153.9,1.0,0.5,1.58,0.0,0.0,0.0,0.0,0.0,0.0,0.0,0.0,0.0,0.0,0.0,0.0,1.0,N2 R4 sample 2_Subt2__0__19-18-33-975.csv
60.0,150.0,95.54,59.24,145.22,1.0,0.62,1.52,0.0,0.3487324882573601,0.0,0.0,0.0,0.0,0.0,0.0,0.0,0.0,0.0,0.0,0.6232687429950192,N2 R4 sample 3_Subt2__0__19-19-58-974.csv
60.0,150.0,95.54,59.24,145.22,1.0,0.62,1.52,0.0,0.0,0.0,0.0,0.0,0.0,0.0,0.0,0.0,0.0,0.0,0.0,0.0,N2 R4 sample 4_Subt2__0__19-20-29-972.csv
60.0,150.0,95.24,66.67,138.1,1.0,0.7,1.45,0.0,0.3606834034706954,0.0,0.31043180679363686,0.3112245481820644,0.31206392819263246,0.0,0.3110124226474797,0.0,0.0,0.0,0.0,0.5939482352780358,N2 R4 sample 5_Subt2__0__19-23-30-468.csv
60.0,150.0,95.24,66.67,138.1,1.0,0.7,1.45,0.0,0.0,0.0,0.0,0.0,0.0,0.0,0.0,0.0,0.0,0.0,0.0,0.0,N2 R4 sample 6_Subt2__0__19-24-56-466.csv
60.0,150.0,100.0,70.0,130.0,1.0,0.7,1.3,0.0,0.0,0.0,0.0,0.0,0.0,0.0,0.0,0.0,0.0,0.0,0.0,0.0,N2 R4 sample 7_Subt2__0__19-25-27-966.csv
60.0,150.0,100.0,70.0,130.0,1.0,0.7,1.3,0.0,0.0,0.0,0.0,0.0,0.0,0.0,0.0,0.0,0.0,0.0,0.0,0.0,N2 R4 sample 8_Subt2__0__19-26-21-464.csv
60.0,150.0,96.77,87.1,116.13,1.0,0.9,1.2,0.0,0.0,0.0,0.0,0.0,0.0,0.0,0.0,0.0,0.0,0.0,0.0,0.0,N2 R4 sample 9_Subt2__0__19-29-16-961.csv
60.0,150.0,96.77,87.1,116.13,1.0,0.9,1.2,0.0,0.0,0.0,0.0,0.0,0.0,0.0,0.0,0.0,0.0,0.0,0.0,0.0,N2 R4 sample 10_Subt2__0__19-30-16-458.csv
60.0,150.0,101.69,76.27,122.03,1.0,0.75,1.2,0.0,0.0,0.0,0.0,0.0,0.0,0.0,0.0,0.0,0.0,0.0,0.0,0.0,N2 R4 sample 11_Subt2__0__19-30-41-958.csv
60.0,150.0,101.69,76.27,122.03,1.0,0.75,1.2,0.0,0.0,0.0,0.0,0.0,0.0,0.0,0.0,0.0,0.0,0.0,0.0,0.0,N2 R4 sample 12_Subt2__0__19-31-24-959.csv
55.0,80.0,83.8,82.12,134.08,1.0,0.98,1.6,0.0,0.2800146379973529,0.22348071985845253,0.11148478727913053,0.10786993824310076,0.11220374189405373,0.1211434495161476,0.10102090424249872,0.09390295662665128,0.10527715999538027,0.10508007274711563,0.10493521982493041,0.10540220585642968,N2 R5 sample 1_Subt2__0__12-33-34-822.csv
55.0,80.0,83.8,82.12,134.08,1.0,0.98,1.6,0.0,0.376387797999272,0.40587179053599415,0.2854276945060302,0.0,0.24482186874905307,0.24080178770609353,0.0,0.2263207290203637,0.22575226112680924,0.2255546999647499,0.22529130461241084,0.22834608151252853,N2 R5 sample 2_Subt2__0__12-34-23-321.csv
30.0,80.0,85.23,78.41,136.36,1.0,0.92,1.6,0.0,0.3229640204085033,0.29269903754232407,0.19195741457378268,0.15336162019658844,0.0,0.15250098480375038,0.0,0.15333581202216565,0.15319432157222698,0.16919413093456584,0.16905593269811214,0.16369101336933842,N2 R5 sample 3_Subt2__0__12-09-25-361.csv
30.0,80.0,85.23,78.41,136.36,1.0,0.92,1.6,0.0,0.35789031318220926,0.31364096510775397,0.0,0.0,0.19854802380335046,0.17929027901454841,0.18243601341561855,0.18221378757169637,0.18886264908921568,0.0,0.0,0.19227849834694197,N2 R5 sample 4_Subt2__0__12-15-09-848.csv
15.0,80.0,83.33,83.33,133.33,1.0,1.0,1.6,0.0,0.43400344360071563,0.3514470635705156,0.2760200956318639,0.2315148211194983,0.0,0.26779611582488944,0.0,0.0,0.0,0.0,0.2701408339409731,0.2735375380848902,N2 R5 sample 5_Subt2__0__11-59-48-368.csv
15.0,80.0,83.33,83.33,133.33,1.0,1.0,1.6,0.0,0.35613228629582383,0.3147436625791941,0.0,0.2168661947412607,0.17072364263349615,0.17580663474105182,0.0,0.1903191006524407,0.18978496991798152,0.0,0.0,0.20495474583982431,N2 R5 sample 6_Subt2__0__12-00-11-368.csv
15.0,80.0,85.23,78.41,136.36,1.0,0.92,1.6,0.0,0.33319638196302104,0.3946095195833578,0.0,0.0,0.0,0.21593160245337947,0.0,0.2054111699769473,0.21013120869096533,0.20990425849204183,0.0,0.21490662249904982,N2 R5 sample 7_Subt2__0__12-01-02-366.csv
15.0,80.0,85.23,78.41,136.36,1.0,0.92,1.6,0.0,0.4089421835093407,0.3175629367757768,0.0,0.22641524317379955,0.2008771955821236,0.20548841804515494,0.2000154953902528,0.21198028621497042,0.21169424436958847,0.0,0.0,0.21307918344922994,N2 R5 sample 8_Subt2__0__12-01-52-365.csv
5.0,80.0,82.87,84.53,132.6,1.0,1.02,1.6,0.0,0.386376427736249,0.2836095392636793,0.1949083456634756,0.19307277039499293,0.0,0.18536637523761654,0.17877147588649786,0.1727338266352888,0.17245176494025435,0.17210190526684735,0.0,0.19839406251374703,N2 R5 sample 9_Subt2__0__11-54-47-882.csv
5.0,80.0,82.87,84.53,132.6,1.0,1.02,1.6,0.0,0.4260119776667551,0.30020113077610877,0.0,0.21904570759967448,0.0,0.0,0.19864812679146895,0.20690771105431868,0.20422783559252713,0.19836776752657795,0.1981642726012539,0.20993668808323,N2 R5 sample 10_Subt2__0__11-55-39-874.csv
5.0,80.0,83.8,82.12,134.08,1.0,0.98,1.6,0.0,0.5234868208181426,0.42403022842320626,0.0,0.30843615807744984,0.3088933745573113,0.0,0.30925480544508205,0.31173342774886625,0.3091400803824316,0.3090226991054531,0.3098536971474581,0.314429839750284,N2 R5 sample 11_Subt2__0__11-59-11-369.csv
5.0,80.0,83.8,82.12,134.08,1.0,0.98,1.6,0.0,0.47946491747774483,0.3636829266061328,0.0,0.27525765646813494,0.2566234585627957,0.26429589900468986,0.0,0.0,0.0,0.0,0.0,0.0,N2 R5 sample 12_Subt2__0__11-57-06-372.csv
60.0,60.0,109.09,52.36,138.55,1.0,0.48,1.27,0.0,0.0,0.339022396060187,0.0,0.4303655214414248,0.0,0.0,0.0,0.0,0.0,0.0,0.47756987415731517,0.4859532200981449,N2 R5 sample 1_Subt2__0__14-23-50-669.csv
60.0,60.0,109.09,52.36,138.55,1.0,0.48,1.27,0.0,0.24964476406913094,0.0,0.0,0.3625235364294001,0.0,0.3162295215136003,0.0,0.335005505380978,0.3348595191464267,0.35600149395188146,0.35573998506742416,0.3745883948289266,N2 R5 sample 2_Subt2__0__14-25-27-666.csv
40.0,60.0,103.45,72.41,124.14,1.0,0.7,1.2,0.0,0.0,0.0,0.0,0.0,0.0,0.0,0.0,0.0,0.0,0.0,0.0,0.0,N2 R5 sample 3_Subt2__0__14-05-30-194.csv
40.0,60.0,103.45,72.41,124.14,1.0,0.7,1.2,0.0,0.0,0.0,0.0,0.0,0.0,0.0,0.0,0.0,0.0,0.0,0.0,0.0,N2 R5 sample 4_Subt2__0__14-06-09-193.csv
25.0,60.0,101.01,72.73,126.26,1.0,0.72,1.25,0.0,0.0,0.0,0.0,0.0,0.0,0.0,0.0,0.0,0.0,0.0,0.0,0.0,N2 R5 sample 5_Subt2__0__13-51-08-214.csv
25.0,60.0,101.01,72.73,126.26,1.0,0.72,1.25,0.0,0.0,0.0,0.0,0.0,0.0,0.0,0.0,0.0,0.0,0.0,0.0,0.0,N2 R5 sample 6_Subt2__0__13-51-45-713.csv
10.0,60.0,103.45,72.41,124.14,1.0,0.7,1.2,0.0,0.0,0.0,0.0,0.0,0.0,0.0,0.0,0.0,0.0,0.0,0.0,0.0,N2 R5 sample 7_Subt2__0__13-54-37-709.csv
10.0,60.0,103.45,72.41,124.14,1.0,0.7,1.2,0.0,0.0,0.0,0.0,0.0,0.0,0.0,0.0,0.0,0.0,0.0,0.0,0.0,N2 R5 sample 8_Subt2__0__13-53-36-211.csv
5.0,60.0,83.8,82.12,134.08,1.0,0.98,1.6,0.0,0.28367684922453357,0.38829770868549324,0.2867864990444766,0.2266089872946138,0.20733107400109196,0.20066662582512415,0.20024320847851143,0.0,0.0,0.0,0.22568721510159664,0.2287304865810124,N2 R5 sample 9_Subt2__0__13-32-52-245.csv
5.0,60.0,83.8,82.12,134.08,1.0,0.98,1.6,0.0,0.2539401506764522,0.360312486218886,0.0,0.20850800641768888,0.1538825370392182,0.1485493892497796,0.15185750531126535,0.157138041184949,0.0,0.16549025060117306,0.1449878566441237,0.14509759283728632,N2 R5 sample 10_Subt2__0__13-33-13-240.csv
5.0,60.0,84.51,80.28,135.21,1.0,0.95,1.6,0.0,0.47430972550135636,0.4176381634355313,0.3231906471842353,0.28149128131299367,0.28110521736336325,0.28178777491062323,0.2813792964568897,0.2809215508316362,0.2812848922255104,0.28065307166417036,0.0,0.28268060100881737,N2 R5 sample 11_Subt2__0__13-34-59-737.csv
5.0,60.0,84.51,80.28,135.21,1.0,0.95,1.6,0.0,0.29526441850524143,0.26343900338593196,0.17101617846482378,0.14890530878135136,0.0,0.14251641736079257,0.0,0.1196556176509857,0.12126843118698988,0.1272552580765313,0.1271351046825452,0.13416005375628828,N2 R5 sample 12_Subt2__0__13-36-27-234.csv
40.0,125.0,81.08,89.19,129.73,1.0,1.1,1.6,0.0,0.20664911269726383,0.322925620244095,0.2942868283465509,0.21103883665390863,0.0,0.18345816500079623,0.1557368589039452,0.1911465381799624,0.19092885886641708,0.0,0.0,0.1936763904190014,N2 R7 sample 1_Subt2__0__15-41-57-561.csv
40.0,125.0,81.08,89.19,129.73,1.0,1.1,1.6,0.0,0.2265132095200619,0.30660385425425796,0.30836216762305674,0.0,0.15556025833112883,0.2051737052222983,0.14562337575580722,0.14523404472981602,0.14730899200216493,0.14710868549667416,0.18540610054941786,0.14710080039077014,N2 R7 sample 2_Subt2__0__15-42-28-559.csv
20.0,125.0,81.52,89.67,128.8,1.0,1.1,1.58,0.0,0.23686659160305576,0.37518827487916356,0.24170532381154855,0.0,0.2066914979953103,0.17755041975117034,0.0,0.1791349225870703,0.16897084245522306,0.16878952265258015,0.0,0.1874866706514612,N2 R7 sample 3_Subt2__0__15-24-52-584.csv
20.0,125.0,81.52,89.67,128.8,1.0,1.1,1.58,0.0,0.2642322556638534,0.45309942903274664,0.27456051615571925,0.25996801841396394,0.0,0.27691074377095476,0.0,0.19850721539878738,0.26496342299484965,0.0,0.0,0.0,N2 R7 sample 4_Subt2__0__15-27-54-080.csv
20.0,125.0,83.8,92.18,124.02,1.0,1.1,1.48,0.0,0.3220937626220329,0.29273898130959797,0.25626554334394497,0.0,0.24632194147820088,0.14267906904258687,0.0,0.19614830877926406,0.2061525731264037,0.17403857182194793,0.17386022630032258,0.17896308290747007,N2 R7 sample 5_Subt2__0__15-43-51-057.csv
20.0,125.0,83.8,92.18,124.02,1.0,1.1,1.48,0.0,0.35518680272014574,0.3583569664547659,0.3705702164300726,0.0,0.0,0.3266419311983381,0.0,0.3006049046136324,0.19824047415681093,0.0,0.0,0.3166955730700222,N2 R7 sample 6_Subt2__0__15-44-09-557.csv
5.0,125.0,81.08,89.19,129.73,1.0,1.1,1.6,0.0,0.41470824327880895,0.3124645262776443,0.0,0.2245831790366697,0.234638191705648,0.0,0.0,0.214435943313687,0.20038034548248604,0.20018211253977058,0.0,0.20934932953141813,N2 R7 sample 7_Subt2__0__15-23-19-584.csv
5.0,125.0,81.08,89.19,129.73,1.0,1.1,1.6,0.0,0.46410394747015243,0.32301737144000103,0.2521350115254167,0.0,0.30479234916915415,0.0,0.0,0.0,0.0,0.0,0.24262144452257972,0.24661022462293614,N2 R7 sample 8_Subt2__0__15-22-46-592.csv
5.0,125.0,82.19,86.3,131.51,1.0,1.05,1.6,0.0,0.2635574754869143,0.40905631474999676,0.2524345418171709,0.0,0.1960883653028808,0.18266259040918834,0.17644543652001554,0.18208939985598768,0.18176789759413595,0.0,0.0,0.0,N2 R7 sample 9_Subt2__0__15-20-37-590.csv
5.0,125.0,82.19,86.3,131.51,1.0,1.05,1.6,0.0,0.31957835231599035,0.46457995056309914,0.0,0.0,0.2367958192354573,0.23978013904858955,0.24130482870916092,0.22827575295538985,0.22785099086883898,0.0,0.0,0.0,N2 R7 sample 10_Subt2__0__15-55-08-542.csv
5.0,125.0,85.71,94.29,120.0,1.0,1.1,1.4,0.0,0.3303879620122197,0.22870466186357186,0.1702336241476128,0.0,0.0,0.22672922901958756,0.18616692550545352,0.16134338687640612,0.16123374521595477,0.1646226232555081,0.1578763474246294,0.1859710745096791,N2 R7 sample 11_Subt2__0__15-19-46-590.csv
5.0,125.0,85.71,94.29,120.0,1.0,1.1,1.4,0.0,0.36641805101795083,0.24785909093710334,0.1412605176938567,0.0,0.0,0.15847912829996935,0.15058500626684276,0.15264235429976628,0.1472124235569904,0.14701465000042038,0.1513145587143886,0.1621886097364855,N2 R7 sample 12_Subt2__0__15-17-18-095.csv
60.0,150.0,,,,1.0,0.4,1.45,0.0,0.0,0.0,0.0,0.0,0.0,0.0,0.0,0.0,0.0,0.0,0.0,1.0,N2 R8 sample 1_Subt2__0__17-43-15-392.csv
60.0,150.0,,,,1.0,0.4,1.45,0.0,0.0,0.0,0.0,0.0,0.0,0.0,0.0,0.0,0.0,0.0,0.0,1.0,N2 R8 sample 2_Subt2__0__17-42-29-389.csv
60.0,150.0,,,,1.0,0.42,1.35,0.0,0.0,0.0,0.31459008881250405,0.32637066683712673,0.0,0.0,0.0,0.0,0.0,0.0,0.0,0.5946492578192243,N2 R8 sample 3_Subt2__0__17-44-26-890.csv
60.0,150.0,,,,1.0,0.42,1.35,0.0,0.0,0.0,0.0,0.0,0.0,0.0,0.0,0.0,0.0,0.0,0.0,1.0,N2 R8 sample 4_Subt2__0__17-44-48-391.csv
60.0,150.0,,,,1.0,0.4,1.2,0.0,0.0,0.0,0.3132226793377038,0.3236939262991793,0.0,0.0,0.0,0.0,0.0,0.0,0.0,0.5970334262565423,N2 R8 sample 5_Subt2__0__17-45-09-889.csv
60.0,150.0,,,,1.0,0.4,1.2,0.0,0.0,0.0,0.2695560602310082,0.2713174240220343,0.29527477621690973,0.0,0.0,0.0,0.0,0.0,0.0,0.5650640591109565,N2 R8 sample 6_Subt2__0__17-45-26-888.csv
45.0,150.0,,,,1.0,0.4,1.55,0.0,0.0,0.0,0.0,0.0,0.0,0.0,0.0,0.0,0.0,0.0,0.0,1.0,N2 R8 sample 7_Subt2__0__17-34-46-402.csv
45.0,150.0,,,,1.0,0.4,1.55,0.0,0.0,0.0,0.0,0.0,0.3223655942537893,0.35188053138282105,0.35188053138282105,0.0,0.0,0.0,0.0,0.6463262559187183,N2 R8 sample 8_Subt2__0__17-35-22-903.csv
40.0,150.0,,,,1.0,0.5,1.2,0.0,0.0,0.0,0.3357080056976887,0.30907063380764155,0.0,0.33598476530578564,0.335226636992463,0.0,0.0,0.0,0.0,0.5205410572579366,N2 R8 sample 9_Subt2__0__17-29-11-911.csv
40.0,150.0,,,,1.0,0.5,1.2,0.0,0.2463148707495073,0.2862306460201535,0.27989887897108456,0.0,0.23452214411482422,0.24779878431157498,0.24741414648265828,0.0,0.0,0.0,0.0,0.4469292612881432,N2 R8 sample 10_Subt2__0__17-29-39-912.csv
25.0,150.0,,,,1.0,0.42,1.2,0.0,0.0,0.23962714059296344,0.3544526616610717,0.32174050822682737,0.0,0.23644467381259973,0.18530268212108492,0.20180443994769215,0.0,0.0,0.0,0.2626545341750935,N2 R8 sample 11_Subt2__0__17-09-39-438.csv
25.0,150.0,,,,1.0,0.42,1.2,0.0,0.20904284151800553,0.2620043599649468,0.41477246268962414,0.31829047246339487,0.2597366687257822,0.0,0.0,0.0,0.0,0.0,0.0,0.2451205683700173,N2 R8 sample 12_Subt2__0__17-10-13-937.csv
60.0,60.0,,,,1.0,1.05,1.35,0.0,0.19692003721897142,0.30604167288336864,0.13122182091725834,0.09290023164435664,0.09954553840455689,0.08645881896135361,0.0,0.09738700734340572,0.1037921928711229,0.09525678656597258,0.10279175458589447,0.14257421483524443,N2 R9 sample 1_Subt2__0__19-15-25-764.csv
60.0,60.0,,,,1.0,1.05,1.35,0.0,0.2487190262917733,0.3097896483809254,0.15761383269279777,0.12338013144064686,0.14493486891163082,0.12006180894866321,0.0,0.12015892236323251,0.1322149858511628,0.11627332745362938,0.12370290446011041,0.11675372543550976,N2 R9 sample 2_Subt2__0__19-16-06-262.csv
60.0,60.0,,,,1.0,1.1,1.2,0.0,0.23626453136140732,0.21116374664735038,0.09625566337708384,0.09072703571433453,0.09302735443350403,0.09182436833474139,0.11548377027567296,0.11537823084704939,0.08585742380393739,0.11952781279053126,0.11935840829501897,0.10240368960407764,N2 R9 sample 3_Subt2__0__19-16-45-760.csv
60.0,60.0,,,,1.0,1.1,1.2,0.0,0.19649704805730742,0.3069931219998105,0.14635057133778392,0.12403064879716887,0.11950968453297828,0.11409714098845909,0.10776781188826534,0.11341846305128019,0.11147851911409228,0.11126990648522068,0.14181057493694274,0.14432656127583976,N2 R9 sample 4_Subt2__0__19-17-21-762.csv
30.0,60.0,,,,1.0,0.95,1.55,0.0,0.23595622059106014,0.21149658077608388,0.15662720878882994,0.07420501132889001,0.0923456453855158,0.07470053747785743,0.08001322396444654,0.07402567920533917,0.07387588950512695,0.07274044916540771,0.06407023982774597,0.09057027719072579,N2 R9 sample 5_Subt2__0__18-47-13-303.csv
30.0,60.0,,,,1.0,0.95,1.55,0.0,0.2072137154828775,0.2958146891890948,0.1703015794921431,0.13823536643315984,0.09690205180034438,0.10589655619938221,0.09281123197333191,0.09270545222576311,0.08631379610076644,0.10126791496541714,0.10109958437199695,0.09776144066248497,N2 R9 sample 6_Subt2__0__18-48-11-802.csv
25.0,60.0,,,,1.0,0.98,1.58,0.0,0.3229363482261423,0.29101958660998223,0.19579884171910789,0.0,0.14672255081935132,0.1783666367907952,0.14348676099565405,0.15065856620329363,0.15048270473673656,0.159571205098993,0.15942085577327333,0.16203579195950635,N2 R9 sample 7_Subt2__0__18-46-24-804.csv
25.0,60.0,,,,1.0,0.98,1.58,0.0,0.30589192167768026,0.3644447593683208,0.0,0.22205558145975082,0.1726308479422243,0.17130836658289916,0.18262144582020023,0.19432807819350476,0.19410466186117212,0.18652184507477174,0.0,0.20685172685711187,N2 R9 sample 8_Subt2__0__18-45-55-804.csv
20.0,60.0,,,,1.0,0.95,1.6,0.0,0.31465059746303714,0.2998832222174503,0.21461337665662106,0.16726313855208386,0.15880864318239168,0.15183872166591783,0.0,0.0,0.14425771764447057,0.14185989690116244,0.14170411849566214,0.15102868119610138,N2 R9 sample 9_Subt2__0__18-41-15-811.csv
20.0,60.0,,,,1.0,0.95,1.6,0.0,0.41940820972108167,0.47228682328798594,0.0,0.325170099221269,0.28104067887255796,0.2813847902615489,0.2815550992483519,0.2813960135506539,0.2815835112375365,0.28140015761901355,0.2811745184217843,0.2834259653521077,N2 R9 sample 10_Subt2__0__18-42-53-309.csv
15.0,60.0,,,,1.0,0.98,1.6,0.0,0.3611354326888105,0.36412576370597205,0.26034748583952577,0.23964520317751267,0.21035171211205517,0.20066430611061292,0.1977045896659454,0.21066823748835195,0.19882251745410176,0.1986582949899237,0.19935620264737283,0.1997099240186252,N2 R9 sample 11_Subt2__0__18-39-10-314.csv
15.0,60.0,,,,1.0,0.98,1.6,0.0,0.38737599405862605,0.3393810706370892,0.2641904807701483,0.0,0.2169113970302374,0.19847599474568622,0.2133075118534672,0.2007934791958482,0.20053578992977572,0.0,0.2206457132750129,0.22365860225164666,N2 R9 sample 12_Subt2__0__18-39-33-813.csv
35.0,65.0,81.97,80.33,137.7,1.0,0.98,1.68,0.0,0.4516296031922637,0.3311989267728127,0.0,0.27189836294203545,0.0,0.23278287905449013,0.2722497320706387,0.23078074440312693,0.2305260536680679,0.0,0.0,0.23136355758127183,N2 R10 sample 1_Subt2__0__13-28-42-247.csv
35.0,65.0,81.97,80.33,137.7,1.0,0.98,1.68,0.0,0.3829319781211716,0.28841650414338404,0.0,0.0,0.24930382525372585,0.20316664580737812,0.0,0.1923886341825587,0.18744924409723304,0.0,0.0,0.18913726442769127,N2 R10 sample 2_Subt2__0__13-30-02-748.csv
25.0,65.0,80.65,102.42,116.94,1.0,1.27,1.45,0.0,0.5762925338116147,0.44212108066938827,0.0,0.0,0.0,0.0,0.0,0.0,0.0,0.0,0.0,0.0,N2 R10 sample 3_Subt2__0__13-22-59-759.csv
25.0,65.0,80.65,102.42,116.94,1.0,1.27,1.45,0.26467883708392825,0.49879391614804014,0.3531413516313164,0.2693349825956175,0.0,0.0,0.0,0.0,0.0,0.0,0.0,0.0,0.0,N2 R10 sample 4_Subt2__0__13-23-28-757.csv
20.0,65.0,81.08,82.7,136.22,1.0,1.02,1.68,0.0,0.5117851177032167,0.33185578269365335,0.0,0.27128568227366057,0.2859019571831366,0.2555947800581293,0.0,0.0,0.0,0.0,0.0,0.0,N2 R10 sample 5_Subt2__0__13-18-44-763.csv
20.0,65.0,81.08,82.7,136.22,1.0,1.02,1.68,0.0,0.3975455119126636,0.27340608597241123,0.0,0.1941063037715152,0.17924649090541347,0.18401367614162056,0.17634376280734262,0.17608805367514554,0.18691335786633534,0.1866919947783073,0.0,0.1734048899422633,N2 R10 sample 6_Subt2__0__13-19-31-262.csv
20.0,65.0,83.33,76.67,140.0,1.0,0.92,1.68,0.0,0.38651241065420255,0.28356247923354505,0.0,0.21973980104050198,0.0,0.22370814709116052,0.19316368237881412,0.19316368237881412,0.18000310750989948,0.17975643909154473,0.17955224062865358,0.17338641339672345,N2 R10 sample 7_Subt2__0__13-22-12-258.csv
20.0,65.0,83.33,76.67,140.0,1.0,0.92,1.68,0.0,0.3509436656465827,0.3188643758244659,0.0,0.2043313869521679,0.1887923666153761,0.18624396131886423,0.18627097029066284,0.1862031489566834,0.17925307203650961,0.1735120725672009,0.16978170026082406,0.17406155406299642,N2 R10 sample 8_Subt2__0__13-20-22-753.csv
15.0,65.0,80.0,88.0,132.0,1.0,1.1,1.65,0.0,0.35858146648444,0.5515605104095337,0.0,0.0,0.0,0.32995284159366584,0.0,0.0,0.0,0.0,0.0,0.0,N2 R10 sample 9_Subt2__0__13-10-13-775.csv
15.0,65.0,80.0,88.0,132.0,1.0,1.1,1.65,0.0,0.3874756161848473,0.4598058163636725,0.0,0.3338361049826602,0.0,0.2667012209384692,0.26602086308471984,0.0,0.0,0.0,0.0,0.0,N2 R10 sample 10_Subt2__0__13-15-51-267.csv
10.0,65.0,83.33,98.33,118.33,1.0,1.18,1.42,0.0,0.6040753220948015,0.41441194880455345,0.0,0.0,0.0,0.0,0.0,0.0,0.0,0.0,0.0,0.0,N2 R10 sample 11_Subt2__0__13-08-35-282.csv
10.0,65.0,83.33,98.33,118.33,1.0,1.18,1.42,0.0,0.637095773742958,0.379812999900621,0.0,0.0,0.0,0.0,0.0,0.0,0.0,0.0,0.0,0.0,N2 R10 sample 12_Subt2__0__13-08-13-778.csv
25.0,70.0,77.52,96.9,125.58,1.0,1.25,1.62,0.0,0.6113844359976874,0.0,0.0,0.0,0.0,0.35685962676246336,0.0,0.0,0.0,0.0,0.0,0.0,N2 R11 sample 1_Subt2__0__14-45-37-143.csv
25.0,70.0,77.52,96.9,125.58,1.0,1.25,1.62,0.0,0.6135800638263909,0.0,0.0,0.0,0.0,0.35424820724372813,0.0,0.0,0.0,0.0,0.0,0.0,N2 R11 sample 2_Subt2__0__14-43-47-146.csv
20.0,70.0,80.0,96.0,124.0,1.0,1.2,1.55,0.0,0.6045455002681266,0.4139585071201352,0.0,0.0,0.0,0.0,0.0,0.0,0.0,0.0,0.0,0.0,N2 R11 sample 3_Subt2__0__14-41-51-150.csv
20.0,70.0,80.0,96.0,124.0,1.0,1.2,1.55,0.0,0.5068968918737949,0.0,0.32818078924248884,0.0,0.0,0.3977142513472571,0.0,0.0,0.0,0.0,0.0,0.0,N2 R11 sample 4_Subt2__0__14-41-34-649.csv
20.0,70.0,82.19,94.52,123.29,1.0,1.15,1.5,0.0,0.0,0.0,0.0,0.0,0.0,0.0,0.0,0.0,0.0,0.0,0.0,0.0,N2 R11 sample 5_Subt2__0__14-38-41-652.csv
20.0,70.0,82.19,94.52,123.29,1.0,1.15,1.5,0.0,0.40994925739747123,0.5002648930425445,0.0,0.0,0.0,0.30508406574987373,0.0,0.0,0.0,0.0,0.0,0.0,N2 R11 sample 6_Subt2__0__14-39-45-151.csv
20.0,70.0,82.64,97.52,119.83,1.0,1.18,1.45,0.0,0.5803634486371826,0.4381357705036737,0.0,0.0,0.0,0.0,0.0,0.0,0.0,0.0,0.0,0.0,N2 R11 sample 7_Subt2__0__14-37-05-655.csv
20.0,70.0,82.64,97.52,119.83,1.0,1.18,1.45,0.0,0.5990728842037708,0.41943768458792935,0.0,0.0,0.0,0.0,0.0,0.0,0.0,0.0,0.0,0.0,N2 R11 sample 8_Subt2__0__14-36-44-656.csv
20.0,70.0,84.03,94.12,121.85,1.0,1.12,1.45,0.0,0.5071347767148903,0.334659019695922,0.2974700735599553,0.2569369068657001,0.2557047288262792,0.2658408755579198,0.2651301691450549,0.0,0.0,0.0,0.0,0.0,N2 R11 sample 9_Subt2__0__14-35-06-655.csv
20.0,70.0,84.03,94.12,121.85,1.0,1.12,1.45,0.49438932806188346,0.4217651568074041,0.3409961750666148,0.0,0.0,0.0,0.0,0.0,0.0,0.0,0.0,0.0,0.0,N2 R11 sample 10_Subt2__0__14-34-41-157.csv
15.0,70.0,83.33,100.0,116.67,1.0,1.2,1.4,0.29023844800093584,0.5244909281928668,0.32700565274014654,0.27129838245199467,0.0,0.0,0.0,0.0,0.0,0.0,0.0,0.0,0.0,N2 R11 sample 11_Subt2__0__14-33-28-160.csv
15.0,70.0,83.33,100.0,116.67,1.0,1.2,1.4,0.0,0.5372875882966887,0.36666073902113605,0.0,0.3029972026337432,0.28686575703033323,0.0,0.0,0.0,0.0,0.0,0.0,0.0,N2 R11 sample 12_Subt2__0__14-32-46-161.csv
30.0,85.0,76.34,95.42,128.24,1.0,1.25,1.68,0.0,0.43573196380444196,0.3049857175251796,0.2561836001081456,0.30479265048349213,0.0,0.35149806257712696,0.350839326650926,0.0,0.0,0.0,0.0,0.0,N2 R11 sample 1_Subt2__0__16-04-13-534.csv
30.0,85.0,76.34,95.42,128.24,1.0,1.25,1.68,0.0,0.31800170204900274,0.35400644625679073,0.2901575210988578,0.2422163904154829,0.0,0.31428715366078525,0.0,0.0,0.0,0.197448626771048,0.19734069412043997,0.1910052645346529,N2 R11 sample 2_Subt2__0__16-05-58-031.csv
30.0,85.0,76.53,99.49,123.98,1.0,1.3,1.62,0.0,0.3866777711201305,0.31638166811110396,0.30470221979724005,0.3539500305234568,0.0,0.4005098607259225,0.39990719148231396,0.0,0.0,0.0,0.0,0.0,N2 R11 sample 3_Subt2__0__16-06-11-521.csv
30.0,85.0,76.53,99.49,123.98,1.0,1.3,1.62,0.0,0.4235999130506824,0.26346567205647525,0.22155699580268048,0.2630998240217783,0.0,0.30599923569657134,0.0,0.0,0.0,0.0,0.23016148064898848,0.23367194126640767,N2 R11 sample 4_Subt2__0__16-06-29-522.csv
25.0,85.0,75.95,93.42,130.63,1.0,1.23,1.72,0.0,0.39333611719651335,0.27889880555216273,0.24565002383217605,0.2942435088574629,0.0,0.33627350741331474,0.0,0.0,0.0,0.0,0.24658730124926545,0.25008300958072094,N2 R11 sample 5_Subt2__0__16-01-00-038.csv
25.0,85.0,75.95,93.42,130.63,1.0,1.23,1.72,0.0,0.44318585679830974,0.26878499071365547,0.2390765441792102,0.2230892480810913,0.0,0.2863554717701802,0.0,0.0,0.0,0.0,0.0,0.21911813267681127,N2 R11 sample 6_Subt2__0__16-01-22-038.csv
25.0,85.0,74.63,105.97,119.4,1.0,1.42,1.6,0.3209719777027615,0.5827824817936019,0.0,0.0,0.0,0.0,0.2922264812228371,0.0,0.0,0.0,0.0,0.0,0.0,N2 R11 sample 7_Subt2__0__16-01-55-537.csv
25.0,85.0,74.63,105.97,119.4,1.0,1.42,1.6,0.0,0.39428656836782444,0.22112892918687008,0.19854823191544146,0.20870278611376533,0.0,0.2215952666101327,0.0,0.0,0.17161336744471156,0.1614163602661166,0.16127816303750162,0.15546582025267752,N2 R11 sample 8_Subt2__0__16-02-32-530.csv
25.0,85.0,78.33,96.34,125.33,1.0,1.23,1.6,0.0,0.45379618775970787,0.3341195855567009,0.2801038806201123,0.3104869742243119,0.0,0.33339365608438815,0.3327962256420986,0.0,0.0,0.0,0.0,0.0,N2 R11 sample 9_Subt2__0__16-03-34-036.csv
25.0,85.0,78.33,96.34,125.33,1.0,1.23,1.6,0.0,0.40839959847860624,0.20705288749296225,0.19890081681632457,0.21321403787910834,0.0,0.2648660160005238,0.0,0.0,0.23024418416435458,0.18341850340358423,0.18322910681123247,0.0,N2 R11 sample 10_Subt2__0__16-03-59-534.csv
10.0,85.0,78.33,108.09,113.58,1.0,1.38,1.45,0.37965325934252087,0.5366060020754622,0.3573374182025059,0.0,0.0,0.0,0.0,0.0,0.0,0.0,0.0,0.0,0.0,N2 R11 sample 11_Subt2__0__15-49-34-055.csv
10.0,85.0,78.33,108.09,113.58,1.0,1.38,1.45,0.3169449287840852,0.5776940298933342,0.0,0.0,0.0,0.0,0.29556390663813065,0.28225671501439703,0.2862741856639372,0.0,0.0,0.0,0.0,N2 R11 sample 12_Subt2__0__15-49-08-055.csv
25.0,60.0,75.95,94.94,129.11,1.0,1.25,1.7,0.0,0.5497690190018455,0.36049573981035116,0.0,0.0,0.0,0.3133174279775091,0.0,0.0,0.0,0.0,0.0,0.0,N2 R13 sample 1_Subt2__0__12-15-30-764.csv
25.0,60.0,75.95,94.94,129.11,1.0,1.25,1.7,0.0,0.41698527037198757,0.47934623887450173,0.0,0.0,0.0,0.35160394305448756,0.0,0.0,0.28577866456366185,0.28272320813325513,0.2824681930698498,0.0,N2 R13 sample 2_Subt2__0__12-15-57-763.csv
25.0,60.0,73.71,104.67,121.62,1.0,1.42,1.65,0.0,0.6007712874552825,0.0,0.0,0.0,0.0,0.36748081364109936,0.0,0.0,0.0,0.0,0.0,0.0,N2 R13 sample 3_Subt2__0__12-17-10-254.csv
25.0,60.0,73.71,104.67,121.62,1.0,1.42,1.65,0.0,0.6178762920271944,0.0,0.0,0.0,0.0,0.3360471858491943,0.0,0.0,0.3138759606047043,0.3135759276742101,0.3129184415802934,0.0,N2 R13 sample 4_Subt2__0__12-17-29-761.csv
25.0,60.0,76.53,97.19,126.28,1.0,1.27,1.65,0.0,0.6339199825959908,0.0,0.0,0.0,0.0,0.33431162311767865,0.0,0.0,0.0,0.0,0.0,0.0,N2 R13 sample 5_Subt2__0__12-19-05-759.csv
25.0,60.0,76.53,97.19,126.28,1.0,1.27,1.65,0.0,0.32237982977477997,0.2923945903118818,0.0,0.20945512401450558,0.1745623847475848,0.18224145891053564,0.15420122515891607,0.15404955074816742,0.14805783442074416,0.1446526184509189,0.14446635844704828,0.15465793881033255,N2 R13 sample 6_Subt2__0__12-19-49-259.csv
25.0,60.0,77.92,97.4,124.68,1.0,1.25,1.6,0.0,0.4503805223154906,0.39076191464528937,0.0,0.0,0.34596817665359003,0.0,0.0,0.26054584175892376,0.2603462672573191,0.25925258078429564,0.2590227147589286,0.0,N2 R13 sample 7_Subt2__0__12-20-18-258.csv
25.0,60.0,77.92,97.4,124.68,1.0,1.25,1.6,0.0,0.4620790783795424,0.4480331255112871,0.0,0.0,0.0,0.3387870831557715,0.0,0.0,0.0,0.0,0.0,0.0,N2 R13 sample 8_Subt2__0__12-20-46-257.csv
20.0,60.0,79.37,97.62,123.02,1.0,1.23,1.55,0.0,0.42714278071477246,0.4159794042212344,0.0,0.36710459427420955,0.2566579043566664,0.3082853058821981,0.30746672827218613,0.0,0.0,0.0,0.0,0.0,N2 R13 sample 9_Subt2__0__12-11-44-767.csv
20.0,60.0,79.37,97.62,123.02,1.0,1.23,1.55,0.0,0.34370847276892286,0.4918040185495603,0.0,0.3578274771073919,0.0,0.32822381096456726,0.3275400515513043,0.0,0.0,0.0,0.0,0.0,N2 R13 sample 10_Subt2__0__12-12-00-769.csv
10.0,60.0,78.12,110.94,110.94,1.0,1.42,1.42,0.0,1.0,0.0,0.0,0.0,0.0,0.0,0.0,0.0,0.0,0.0,0.0,0.0,N2 R13 sample 11_Subt2__0__12-03-19-281.csv
10.0,60.0,78.12,110.94,110.94,1.0,1.42,1.42,0.0,0.5772854344079801,0.44121120496282823,0.0,0.0,0.0,0.0,0.0,0.0,0.0,0.0,0.0,0.0,N2 R13 sample 12_Subt2__0__12-04-23-779.csv
25.0,70.0,78.33,92.43,129.24,1.0,1.18,1.65,0.0,0.515839595072649,0.32391708104738065,0.0,0.0,0.0,0.32783199254863354,0.0,0.0,0.0,0.0,0.26808701716289196,0.27333060319046976,N2 R14 sample 1_Subt2__0__14-26-35-583.csv
25.0,70.0,78.33,92.43,129.24,1.0,1.18,1.65,0.0,0.5231629760029869,0.3591311186249187,0.0,0.0,0.0,0.38192921454598733,0.0,0.0,0.0,0.0,0.0,0.0,N2 R14 sample 2_Subt2__0__14-27-18-585.csv
20.0,70.0,75.0,101.25,123.75,1.0,1.35,1.65,0.0,0.6413254817402195,0.0,0.0,0.0,0.0,0.3268870231200111,0.0,0.0,0.0,0.0,0.0,0.0,N2 R14 sample 3_Subt2__0__14-28-00-584.csv
20.0,70.0,75.0,101.25,123.75,1.0,1.35,1.65,0.0,0.5487828028521864,0.3617109561952803,0.0,0.0,0.0,0.3074462703227057,0.0,0.0,0.0,0.0,0.0,0.0,N2 R14 sample 4_Subt2__0__14-28-36-584.csv
20.0,70.0,77.52,96.9,125.58,1.0,1.25,1.62,0.0,1.0,0.0,0.0,0.0,0.0,0.0,0.0,0.0,0.0,0.0,0.0,0.0,N2 R14 sample 5_Subt2__0__14-23-46-091.csv
20.0,70.0,77.52,96.9,125.58,1.0,1.25,1.62,0.0,0.6371842957530085,0.0,0.0,0.0,0.0,0.3308375576036282,0.0,0.0,0.0,0.0,0.0,0.0,N2 R14 sample 6_Subt2__0__14-25-12-089.csv
20.0,70.0,75.57,114.86,109.57,1.0,1.52,1.45,0.5422962729599247,0.40895031408039517,0.0,0.0,0.31178185809160863,0.31084473578509775,0.30991088674390244,0.0,0.0,0.0,0.0,0.0,0.0,N2 R14 sample 7_Subt2__0__14-23-03-091.csv
20.0,70.0,75.57,114.86,109.57,1.0,1.52,1.45,0.6178850220783322,0.3816895049625793,0.0,0.0,0.0,0.0,0.0,0.0,0.0,0.0,0.0,0.0,0.0,N2 R14 sample 8_Subt2__0__14-22-42-091.csv
15.0,70.0,78.95,104.21,116.84,1.0,1.32,1.48,0.0841828292481382,0.2853350884607579,0.21712110490344064,0.1553537517143082,0.13019853927567465,0.10840271166546721,0.1016059133170859,0.09174592471148825,0.09275086822483718,0.08941594491897638,0.08930783705268108,0.09042226428086701,0.09782635554450499,N2 R14 sample 9_Subt2__0__14-18-50-096.csv
15.0,70.0,78.95,104.21,116.84,1.0,1.32,1.48,0.3548700282779682,0.4930847479530349,0.3213166464303388,0.2730856806231146,0.0,0.0,0.0,0.0,0.0,0.0,0.0,0.0,0.0,N2 R14 sample 10_Subt2__0__14-19-13-085.csv
15.0,70.0,77.92,109.09,112.99,1.0,1.4,1.45,0.0,0.5953171736106021,0.42318711409671556,0.0,0.0,0.0,0.0,0.0,0.0,0.0,0.0,0.0,0.0,N2 R14 sample 11_Subt2__0__14-19-57-095.csv
15.0,70.0,77.92,109.09,112.99,1.0,1.4,1.45,0.3491483065479703,0.648488413258122,0.0,0.0,0.0,0.0,0.0,0.0,0.0,0.0,0.0,0.0,0.0,N2 R14 sample 12_Subt2__0__14-20-35-094.csv
25.0,70.0,73.17,102.44,124.39,1.0,1.4,1.7,0.0,0.627029552440562,0.0,0.0,0.0,0.0,0.3411441870126404,0.0,0.0,0.0,0.0,0.0,0.0,N2 R15 sample 1_Subt2__00__15-36-35-491.csv
25.0,70.0,73.17,102.44,124.39,1.0,1.4,1.7,0.0,0.6142653639113888,0.0,0.0,0.0,0.0,0.35385799478152474,0.0,0.0,0.0,0.0,0.0,0.0,N2 R15 sample 2_Subt2__00__15-35-57-492.csv
25.0,70.0,75.76,104.55,119.7,1.0,1.38,1.58,0.352873701161349,0.5614180716089269,0.3560998728432558,0.0,0.0,0.0,0.0,0.0,0.0,0.0,0.0,0.0,0.0,N2 R15 sample 3_Subt2__0__15-34-34-493.csv
25.0,70.0,75.76,104.55,119.7,1.0,1.38,1.58,0.0,1.0,0.0,0.0,0.0,0.0,0.0,0.0,0.0,0.0,0.0,0.0,0.0,N2 R15 sample 4_Subt2__0__15-34-51-493.csv
10.0,70.0,77.52,104.65,117.83,1.0,1.35,1.52,0.4108439760180341,0.5878184219226282,0.0,0.0,0.0,0.0,0.0,0.0,0.0,0.0,0.0,0.0,0.0,N2 R15 sample 5_Subt2__0__15-23-20-509.csv
10.0,70.0,77.52,104.65,117.83,1.0,1.35,1.52,0.3095575099204512,0.5515532742063287,0.36591177963316296,0.0,0.0,0.0,0.0,0.0,0.0,0.0,0.0,0.0,0.0,N2 R15 sample 6_Subt2__0__15-23-43-007.csv
10.0,70.0,79.58,107.43,113.0,1.0,1.35,1.42,0.0,0.5325742709158058,0.3825114538792807,0.0,0.3023249326992386,0.0,0.0,0.0,0.0,0.0,0.0,0.0,0.0,N2 R15 sample 7_Subt2__0__15-24-07-008.csv
10.0,70.0,79.58,107.43,113.0,1.0,1.35,1.42,0.0,0.5891268046703396,0.4293758164161237,0.0,0.0,0.0,0.0,0.0,0.0,0.0,0.0,0.0,0.0,N2 R15 sample 8_Subt2__0__15-24-22-507.csv
10.0,70.0,80.43,110.99,108.58,1.0,1.38,1.35,0.1298536877469256,0.28851814937198905,0.2143509131742731,0.17778968826452046,0.14507213395507193,0.11898149402087131,0.10270602910543229,0.09552514536379943,0.09539249126628528,0.08548611209241674,0.08538644544235209,0.09172955909829905,0.08920364551068839,N2 R15 sample 9_Subt2__0__15-24-51-507.csv
10.0,70.0,80.43,110.99,108.58,1.0,1.38,1.35,0.0,0.39065235893123845,0.28037472224237303,0.20812153752640458,0.23690692875207495,0.0,0.21276810926233033,0.0,0.0,0.1879951554705631,0.18788501222538379,0.1741048686016716,0.19240242572515998,N2 R15 sample 10_Subt2__0__15-25-10-499.csv
5.0,70.0,79.58,105.04,115.38,1.0,1.32,1.45,0.0,0.6002041809471547,0.41830783907918695,0.0,0.0,0.0,0.0,0.0,0.0,0.0,0.0,0.0,0.0,N2 R15 sample 11_Subt2__0__15-19-07-015.csv
5.0,70.0,79.58,105.04,115.38,1.0,1.32,1.45,0.0,0.5962266225422694,0.42226946796415804,0.0,0.0,0.0,0.0,0.0,0.0,0.0,0.0,0.0,0.0,N2 R15 sample 12_Subt2__0__15-19-54-013.csv
