194.03,3.00873
194.578,6.01949
195.127,7.02247
195.676,-4.01286
196.225,-12.03205
196.773,-27.075
197.321,12.03362
197.87,62.1594
198.418,41.10649
198.966,78.20686
199.513,37.09458
200.061,75.19258
200.609,53.141
201.156,93.20614
201.704,35.09006
202.251,63.16883
202.798,77.20219
203.345,59.14634
203.892,34.08705
204.438,15.03565
204.985,24.05821
205.532,27.07243
206.078,17.04227
206.624,75.18752
207.17,80.18591
207.716,74.18311
208.262,72.14341
208.808,48.12185
209.354,84.20816
209.899,85.21803
210.445,81.20573
210.99,58.1431
211.535,42.09899
212.08,66.15712
212.625,73.18403
213.17,-11.02797
213.715,32.07286
214.259,61.14363
214.804,39.09737
215.348,81.18864
215.892,48.11585
216.436,0
216.98,58.1295
217.524,81.19368
218.068,23.05755
218.612,48.12029
219.155,81.19168
219.698,35.08308
220.242,32.07956
220.785,54.12816
221.328,104.25781
221.871,7.01751
222.414,52.12829
222.956,36.08699
223.499,92.20846
224.041,33.07694
224.583,110.23338
225.126,30.06618
225.668,24.05858
226.21,24.06088
226.751,8.01776
227.293,10.02296
227.835,40.098
228.376,43.09836
228.918,66.16612
229.459,61.15257
230,33.07861
230.541,47.10829
231.082,26.06294
231.622,8.01844
232.163,55.13387
232.704,5.01249
233.244,5.0125
233.784,18.04408
234.324,0
234.864,22.04977
235.404,86.20363
235.944,72.1722
236.484,28.0688
237.023,53.12523
237.563,5.01164
238.102,13.03065
238.641,25.06336
239.18,31.07359
239.719,-39.09814
240.258,35.07819
240.797,59.14146
241.335,47.11474
241.874,9.01733
242.412,35.08391
242.95,61.14764
243.488,25.05687
244.026,93.21607
244.564,30.06212
245.102,73.16403
245.64,18.04316
246.177,64.1439
246.715,59.14
247.252,52.11883
247.789,84.15345
248.326,42.10187
248.863,-5.01111
249.4,22.04957
249.936,70.14345
250.473,21.04922
251.009,17.03929
251.546,44.09682
252.082,42.09311
252.618,14.03158
253.154,47.11316
253.69,49.11006
254.226,91.21585
254.761,40.08964
255.297,36.07881
255.832,99.23482
256.367,54.12717
256.903,49.10721
257.438,89.21021
257.972,19.0422
258.507,97.22492
259.042,142.30772
259.576,41.08868
260.111,36.08273
260.645,76.16202
261.179,43.10105
261.713,64.14378
262.247,119.27429
262.781,83.1756
263.315,53.13079
263.849,12.03008
264.382,48.11004
264.915,84.1962
265.449,28.06959
265.982,66.14979
266.515,32.07811
267.048,31.0649
267.58,62.13338
268.113,40.08583
268.646,61.1513
269.178,133.30105
269.71,54.11742
270.243,-27.06166
270.775,41.10381
271.307,58.13861
271.838,104.24206
272.37,48.11964
272.902,6.01373
273.433,57.12445
273.965,24.05838
274.496,90.22327
275.027,67.16715
275.558,73.17615
276.089,53.13414
276.62,106.26966
277.15,50.12304
277.681,43.09312
278.211,48.11786
278.741,41.0916
279.272,67.15419
279.802,79.19823
280.332,32.07598
280.861,59.14135
281.391,95.21381
281.921,44.10595
282.45,68.17023
282.98,75.19473
283.509,91.20582
284.038,35.07932
284.567,40.09303
285.096,74.17914
285.625,22.05009
286.153,37.08759
286.682,80.18414
287.21,64.15353
287.739,48.11326
288.267,72.17528
288.795,93.24445
289.323,32.07519
289.851,80.18488
290.378,70.15822
290.906,93.22831
291.433,89.2201
291.961,49.1115
292.488,72.17907
293.015,24.05663
293.542,68.17097
294.069,79.19523
294.596,97.23813
295.122,58.13691
295.649,97.21204
296.175,104.24996
296.702,30.07197
297.228,93.22653
297.754,14.0311
298.28,102.23262
298.806,52.12531
299.332,113.25537
299.857,88.20094
300.383,44.11011
300.908,58.14215
301.433,103.2507
301.958,87.20117
302.483,50.12571
303.008,85.21013
303.533,61.15806
304.058,34.07973
304.582,88.20724
305.107,64.16711
305.631,49.11055
306.155,123.28555
306.679,126.29788
307.203,62.14362
307.727,93.21838
308.251,63.15466
308.775,85.20255
309.298,60.14372
309.822,107.26849
310.345,107.25487
310.868,80.19315
311.391,62.15133
311.914,109.27312
312.437,45.10257
312.96,72.1693
313.482,93.22017
314.005,74.18646
314.527,78.2052
315.049,84.21089
315.571,91.20397
316.093,96.23458
316.615,85.20643
317.137,142.30824
317.659,118.28512
318.18,107.25644
318.702,48.11212
319.223,103.21113
319.744,114.25558
320.265,129.31387
320.786,125.30834
321.307,111.27381
321.828,127.28454
322.348,64.15008
322.869,104.24521
323.389,275.49872
323.909,94.21386
324.43,112.26448
324.95,151.34708
325.47,136.33368
325.989,109.25685
326.509,111.24613
327.029,152.33978
327.548,173.39111
328.067,125.29992
328.587,130.31967
329.106,121.27311
329.625,104.26616
330.144,134.30597
330.662,155.36268
331.181,126.28898
331.7,102.23637
332.218,101.21873
332.736,145.33462
333.255,114.26355
333.773,190.445
334.291,148.3642
334.808,194.42668
335.326,152.34006
335.844,191.44182
336.361,186.46662
336.879,153.3497
337.396,191.45652
337.913,216.49299
338.43,167.36861
338.947,152.35419
339.464,216.46048
339.981,163.38393
340.497,206.49998
341.014,212.507
341.53,166.36817
342.046,204.49271
342.562,182.44256
343.078,214.49079
343.594,190.44517
344.11,207.48548
344.626,202.49505
345.141,146.3292
345.657,218.48027
346.172,241.56455
346.687,246.55103
347.202,207.44924
347.717,247.58109
348.232,216.52169
348.747,231.51882
349.261,232.4948
349.776,267.60729
350.29,248.60303
350.805,229.54859
351.319,279.62893
351.833,217.47796
352.347,268.61487
352.861,237.53382
353.374,230.50798
353.888,264.61805
354.401,253.56262
354.915,238.51685
355.428,282.67695
355.941,247.55885
356.454,274.5902
356.967,238.54167
357.48,321.71027
357.993,235.55523
358.505,298.70637
359.018,276.64209
359.53,335.77855
360.042,272.58665
360.554,258.59785
361.066,287.67465
361.578,324.67899
362.09,327.73772
362.602,319.67428
363.113,314.69754
363.625,328.69892
364.136,265.55818
364.647,315.71558
365.158,361.80476
365.669,292.6675
366.18,361.81274
366.691,395.82613
367.201,293.66507
367.712,401.85909
368.222,287.62497
368.733,330.68759
369.243,358.75687
369.753,336.73958
370.263,356.80165
370.773,363.83995
371.282,353.78432
371.792,362.79111
372.301,394.89917
372.811,389.96007
373.32,434.8721
373.829,409.90419
374.338,418.87442
374.847,482.02867
375.356,478.05668
375.865,520.0292
376.373,546.14383
376.882,471.08679
377.39,552.20936
377.898,520.17692
378.407,574.15857
378.915,612.19016
379.423,595.26834
379.93,629.26832
380.438,683.45679
380.946,711.45164
381.453,699.47098
381.96,765.58108
382.468,791.57941
382.975,838.71009
383.482,875.61513
383.989,836.82225
384.495,922.72369
385.002,959.60882
385.509,1060.98902
386.015,1051.59885
386.521,1189.0027
387.028,1268.14512
387.534,1268.00615
388.04,1197.12755
388.546,1383.22628
389.051,1417.17181
389.557,1593.5429
390.063,1572.35919
390.568,1599.56263
391.073,1712.41889
391.578,1818.84837
392.084,1898.62503
392.589,1890.3693
393.093,2113.83871
393.598,2279.71831
394.103,2542.03795
394.607,2769.98228
395.112,2933.12877
395.616,3098.96352
396.12,3322.57243
396.624,3696.56722
397.128,3902.59437
397.632,4510.18146
398.136,4659.78802
398.639,5047.78183
399.143,5726.78904
399.646,6437.11207
400.15,6992.05862
400.653,7996.6848
401.156,8956.30074
401.659,10318.38177
402.162,12733.5718
402.664,17369.41073
403.167,25592.92317
403.67,54293.0017
404.172,51530.08327
404.674,31176.06428
405.176,3757.7064
405.678,27.69154
406.18,0
406.682,0
407.184,45159.96023
407.686,58897.86778
408.187,59084.79575
408.688,36494.08894
409.19,26485.68126
409.691,21522.08791
410.192,18428.41737
410.693,16092.96578
411.194,14904.54205
411.694,14083.30308
412.195,12835.4308
412.696,11861.31174
413.196,11205.4748
413.696,11305.98776
414.196,11502.96649
414.696,11054.82871
415.196,10570.62846
415.696,9278.14228
416.196,7131.05554
416.695,5677.38535
417.195,5083.86104
417.694,4908.9968
418.194,4469.42112
418.693,4181.07218
419.192,4174.28011
419.691,4116.29967
420.19,3970.61444
420.688,3863.76964
421.187,3677.89654
421.685,3385.62747
422.184,3033.77171
422.682,2586.47289
423.18,2225.75506
423.678,2006.66954
424.176,1907.5587
424.674,1732.36392
425.172,1663.54859
425.669,1608.73007
426.167,1441.29179
426.664,1351.18905
427.161,1226.08598
427.659,1192.16058
428.156,1093.72824
428.652,987.00149
429.149,992.92692
429.646,894.57512
430.143,918.7889
430.639,827.60943
431.135,793.65729
431.632,707.36643
432.128,615.27243
432.624,705.55504
433.12,606.19079
433.616,547.02539
434.111,552.1452
434.607,542.14544
435.103,518.95077
435.598,476.84027
436.093,500.02836
436.588,452.89361
437.083,430.85091
437.578,407.8418
438.073,424.95903
438.568,371.81712
439.062,373.7172
439.557,323.69649
440.051,316.66018
440.546,382.80867
441.04,328.72591
441.534,303.70976
442.028,239.52465
442.522,281.62125
443.015,294.59023
443.509,304.68149
444.002,273.61515
444.496,266.54463
444.989,297.66758
445.482,288.6671
445.975,267.56684
446.468,189.38321
446.961,217.43193
447.454,280.58757
447.947,224.48997
448.439,239.53811
448.931,232.48556
449.424,196.45672
449.916,164.36827
450.408,185.38745
450.9,227.5159
451.392,175.4114
451.884,137.29035
452.375,134.31213
452.867,120.25282
453.358,99.21431
453.849,178.35223
454.341,202.42333
454.832,152.30346
455.323,123.28408
455.814,178.38227
456.304,117.25306
456.795,179.37953
457.285,121.25128
457.776,126.26546
458.266,110.246
458.756,163.37031
459.247,120.26892
459.737,113.25339
460.226,201.42468
460.716,142.31455
461.206,100.22622
461.695,113.26523
462.185,131.29024
462.674,91.19766
463.163,122.25681
463.653,78.15457
464.142,53.12095
464.63,84.19281
465.119,126.2791
465.608,111.24111
466.096,97.2018
466.585,71.15297
467.073,90.20351
467.561,122.277
468.05,146.32246
468.538,98.22503
469.026,142.3207
469.513,144.29324
470.001,125.27267
470.489,69.156
470.976,110.2397
471.463,45.10554
471.951,42.09983
472.438,63.14173
472.925,103.23115
473.412,97.22635
473.899,83.17967
474.385,41.09552
474.872,130.29133
475.359,76.17668
475.845,27.05382
476.331,85.17668
476.817,77.17876
477.303,103.23058
477.789,61.14128
478.275,89.212
478.761,28.06473
479.247,70.14852
479.732,13.03145
480.218,74.18485
480.703,79.18897
481.188,2.00415
481.673,29.06385
482.158,75.15548
482.643,30.07312
483.128,-23.05092
483.612,40.09049
484.097,17.03987
484.581,39.08608
485.066,-11.0256
485.55,21.04404
486.034,32.0668
486.518,65.14683
487.002,28.06725
487.486,16.03787
487.969,39.09272
488.453,29.07114
488.936,42.0923
489.42,-17.03625
489.903,22.0539
490.386,31.06834
490.869,5.01055
491.352,29.06897
491.835,10.01989
492.318,23.05056
492.8,-17.03412
493.283,4.00987
493.765,-25.0604
494.247,-24.05392
494.73,-9.01931
495.212,-23.05323
495.694,6.01368
496.175,9.02099
496.657,0
497.139,-10.01659
497.62,27.06219
498.102,-42.10244
498.583,-27.06584
499.064,-4.00872
499.545,11.02449
500.026,-41.09039
500.507,-35.079
500.988,-15.03585
501.469,2.00492
501.949,-29.0699
502.43,20.04664
502.91,-24.04836
503.39,-36.08725
503.87,-18.04168
504.35,-48.10805
504.83,-12.02584
505.31,-35.0826
505.79,-46.10799
506.269,-55.12485
506.749,-18.04059
507.228,-49.11254
507.707,-38.08245
508.187,-28.06422
508.666,-18.04325
509.145,-54.12226
509.623,-82.18875
510.102,-46.10715
510.581,-42.09768
511.059,-78.19145
511.538,-100.25043
512.016,-118.2741
512.494,-40.09468
512.972,-75.17377
513.45,-86.19985
513.928,-66.15622
514.406,-80.19031
514.884,-52.12975
515.361,-93.2165
515.839,-16.03577
516.316,-35.0819
516.793,-103.25631
517.27,-75.17673
517.747,-48.12107
518.224,-96.21655
518.701,-75.16277
519.178,-36.08662
519.654,-64.14655
520.131,-73.17622
520.607,-73.17609
521.083,-99.22181
521.56,-59.13643
522.036,-80.17144
522.512,-33.07831
522.987,-79.18536
523.463,-53.12207
523.939,-82.19544
524.414,-75.16659
524.89,-75.17529
525.365,-108.23804
525.84,-106.24982
526.315,-126.29892
526.79,-101.22107
527.265,-57.12555
527.74,-117.28254
528.215,-73.16692
528.689,-125.26897
529.164,-100.20994
529.638,-50.12508
530.112,-94.21835
530.587,-65.13571
531.061,-136.32078
531.534,-92.21632
532.008,-67.15677
532.482,-112.25037
532.956,-109.27213
533.429,-96.22626
533.903,-114.24472
534.376,-85.18156
534.849,-124.27971
535.322,-144.33119
535.795,-111.26054
536.268,-99.23364
536.741,-157.36995
537.213,-123.27513
537.686,-115.27372
538.158,-96.2123
538.631,-148.35098
539.103,-119.26255
539.575,-162.32689
540.047,-157.33463
540.519,-123.28204
540.991,-151.36133
541.463,-72.17062
541.934,-132.29422
542.406,-165.38517
542.877,-68.15239
543.348,-116.27041
543.82,-101.24095
544.291,-76.17263
544.762,-144.33277
545.233,-122.29911
545.703,-124.26848
546.174,-110.25087
546.645,-86.20363
547.115,-74.17481
547.585,-44.09799
548.056,-92.2186
548.526,-81.18723
548.996,-109.25515
549.466,-67.15984
549.935,-59.13708
550.405,-45.09579
550.875,-132.30711
551.344,-115.27077
551.814,-76.1694
552.283,-50.10511
552.752,-65.14791
553.221,-75.16215
553.69,-95.20934
554.159,-84.20319
554.628,-76.16695
555.096,-78.19378
555.565,-83.17875
556.033,-95.21749
556.502,-130.3077
556.97,-92.19732
557.438,-93.213
557.906,-125.28479
558.374,-64.14401
558.842,-106.24671
559.31,-111.23905
559.777,-73.17442
560.245,-63.14057
560.712,-82.18384
561.18,-121.2607
561.647,-60.13147
562.114,-49.10897
562.581,-84.20151
563.048,-141.31539
563.514,-81.19228
563.981,-97.21482
564.448,-30.0664
564.914,-113.25547
565.381,-100.22059
565.847,-82.18497
566.313,-111.25003
566.779,-41.08898
567.245,-87.19861
567.711,-23.05367
568.176,-117.25468
568.642,-69.1682
569.108,-86.20568
569.573,-120.27212
570.038,-56.11237
570.504,-85.18573
570.969,-32.07741
571.434,-61.12979
571.899,-83.18963
572.363,-26.05728
572.828,-54.11772
573.293,-78.17307
573.757,-54.11847
574.222,-65.13993
574.686,-11.02394
575.15,-42.09602
575.614,-46.1013
576.078,9.02031
576.542,-35.07596
577.006,17.03663
577.469,-64.15072
577.933,-48.10237
578.396,-36.08214
578.86,-55.12287
579.323,-46.10571
579.786,-34.06999
580.249,-71.15521
580.712,-42.09937
581.175,-53.12518
581.637,-71.15442
582.1,-115.24063
582.563,-110.22359
583.025,-38.08841
583.487,-45.08711
583.95,-63.13142
584.412,-10.02005
584.874,-121.27946
585.336,-29.06607
585.797,-56.11622
586.259,-96.21478
586.721,-75.1688
587.182,-79.17167
587.643,-60.12841
588.105,-30.06751
588.566,-71.14132
589.027,-63.14631
589.488,-83.17952
589.949,-43.09896
590.41,-22.04113
590.87,-29.06248
591.331,-35.07074
591.791,-74.16296
592.252,-35.07603
592.712,-48.11
593.172,-67.14237
593.632,-10.0204
594.092,53.11026
594.552,27.05357
595.011,-80.17396
595.471,-16.03295
595.931,-26.05483
596.39,4.00899
596.849,17.03677
597.308,72.14314
597.768,102.24002
598.227,112.24985
598.685,91.1921
599.144,121.26272
599.603,142.29943
600.062,126.24337
600.52,177.35789
600.978,147.31522
601.437,159.32194
601.895,206.39179
602.353,199.38687
602.811,195.38
603.269,263.55153
603.727,325.68154
604.184,341.67653
604.642,306.64723
605.099,390.7732
605.557,387.80653
606.014,396.72533
606.471,415.89483
606.928,486.88259
607.385,523.10209
607.842,583.08011
608.299,548.04068
608.755,624.23545
609.212,633.13678
609.668,656.1646
610.125,767.46136
610.581,765.41031
611.037,743.30474
611.493,820.49266
611.949,817.55604
612.405,827.23656
612.861,882.5604
613.316,853.55875
613.772,899.55553
614.227,853.55482
614.683,942.46844
615.138,852.54242
615.593,973.7303
616.048,976.64857
616.503,937.7617
616.958,968.87756
617.412,961.74595
617.867,864.44857
618.321,938.38855
618.776,874.44226
619.23,857.55661
619.684,840.41052
620.138,791.3936
620.592,837.58263
621.046,830.50098
621.5,837.60345
621.954,772.31439
622.407,741.27403
622.861,751.47795
623.314,678.18692
623.768,700.30025
624.221,681.07363
624.674,639.17878
625.127,633.19922
625.58,650.16648
626.033,671.15647
626.485,565.13437
626.938,583.15333
627.39,561.07034
627.843,547.03549
628.295,540.03942
628.747,501.99258
629.199,461.88258
629.651,504.97355
630.103,428.84458
630.555,450.79892
631.006,460.91966
631.458,391.80834
631.909,365.7008
632.361,381.76507
632.812,384.77839
633.263,370.6818
633.714,353.649
634.165,354.74645
634.616,339.71058
635.067,304.59114
635.518,294.61422
635.968,395.66652
636.419,344.64184
636.869,258.54738
637.319,271.55776
637.769,268.5353
638.219,280.58705
638.669,268.57877
639.119,315.68448
639.569,287.62868
640.019,232.47717
640.468,310.61776
640.918,254.55276
641.367,222.4428
641.816,219.43916
642.265,278.57745
642.714,212.44114
643.163,268.55394
643.612,282.62646
644.061,257.49987
644.51,260.54175
644.958,208.41604
645.406,205.44737
645.855,232.51325
646.303,252.52671
646.751,202.4179
647.199,276.56382
647.647,274.57269
648.095,247.51729
648.543,214.38937
648.99,236.51905
649.438,237.49986
649.885,250.56736
650.333,224.38442
650.78,283.62149
651.227,218.48349
651.674,200.41877
652.121,246.5474
652.568,272.60123
653.015,183.42113
653.461,233.51406
653.908,227.47919
654.354,198.4276
654.801,261.56667
655.247,207.41413
655.693,203.49574
656.139,261.57897
656.585,163.35858
657.031,143.31326
657.477,206.40994
657.922,213.45221
658.368,186.4211
658.813,242.51164
659.259,178.39692
659.704,205.44547
660.149,180.38973
660.594,138.30403
661.039,201.42468
661.484,106.23441
661.929,192.41909
662.373,168.40055
662.818,129.29675
663.262,170.38676
663.707,141.34049
664.151,181.40786
664.595,166.37827
665.039,138.31815
665.483,132.31774
665.927,182.39962
666.371,152.33712
666.814,116.25942
667.258,147.33098
667.701,151.29846
668.145,148.34365
668.588,151.34944
669.031,182.406
669.474,103.23571
669.917,181.37102
670.36,129.30338
670.803,158.35378
671.245,135.25944
671.688,205.46836
672.13,161.34062
672.573,157.37268
673.015,100.22769
673.457,213.43246
673.899,163.3667
674.341,184.41742
674.783,165.37607
675.225,135.31278
675.666,152.34553
676.108,190.38973
676.549,221.48902
676.991,159.32975
677.432,230.42636
677.873,196.4231
678.314,162.36527
678.755,189.43076
679.196,200.43137
679.637,203.46267
680.078,157.33812
680.518,170.36887
680.959,187.41828
681.399,232.54038
681.839,208.47301
682.28,224.52298
682.72,194.41537
683.16,194.45632
683.6,173.36729
684.039,173.33151
684.479,174.40354
684.919,223.48768
685.358,164.38621
685.798,259.64165
686.237,176.39538
686.676,173.3628
687.115,245.53669
687.554,240.53006
687.993,192.39419
688.432,258.53877
688.871,298.61871
689.309,251.55818
689.748,224.4198
690.186,278.60627
690.625,285.61903
691.063,231.5088
691.501,261.58908
691.939,259.60029
692.377,274.62056
692.815,310.68808
693.253,250.54822
693.69,324.63634
694.128,275.61104
694.565,337.73882
695.003,334.77883
695.44,387.82265
695.877,370.78018
696.314,344.65204
696.751,391.80146
697.188,368.76608
697.625,380.76148
698.061,419.90501
698.498,399.86698
698.934,403.86524
699.371,388.82137
699.807,423.88194
700.243,480.0204
700.679,480.94052
701.115,430.88
701.551,473.97523
701.987,464.89241
702.422,523.09822
702.858,485.00933
703.294,541.0536
703.729,538.14542
704.164,540.13274
704.599,543.02841
705.035,565.08999
705.47,569.20338
705.904,584.16746
706.339,632.22446
706.774,672.31823
707.209,667.29516
707.643,673.37458
708.078,776.59418
708.512,698.511
708.946,701.4079
709.38,681.34754
709.814,737.35655
710.248,744.52288
710.682,737.449
711.116,814.63929
711.549,755.63276
711.983,769.44816
712.416,794.51839
712.85,796.61181
713.283,849.61318
713.716,873.75945
714.149,949.75026
714.582,857.49602
715.015,997.98116
715.448,903.80999
715.881,868.45609
716.313,936.70516
716.746,961.77067
717.178,984.84435
717.61,992.97715
718.043,991.94002
718.475,1088.0333
718.907,1051.05036
719.339,1087.87196
719.77,1130.0137
720.202,1177.28269
720.634,1180.17224
721.065,1128.99178
721.497,1189.14262
721.928,1227.26073
722.359,1237.21927
722.79,1280.25759
723.221,1327.45652
723.652,1277.42444
724.083,1346.13411
724.514,1349.19798
724.945,1339.26773
725.375,1398.32326
725.806,1377.44139
726.236,1499.72556
726.666,1438.35638
727.096,1433.45259
727.526,1449.62901
727.956,1447.19878
728.386,1497.53566
728.816,1539.75942
729.246,1495.50384
729.675,1530.60231
730.105,1457.48201
730.534,1515.33163
730.964,1517.65089
731.393,1578.65882
731.822,1570.72908
732.251,1643.83521
732.68,1639.49237
733.109,1651.71058
733.537,1604.61471
733.966,1654.73267
734.395,1636.39822
734.823,1697.33689
735.251,1649.63316
735.68,1651.70315
736.108,1634.82328
736.536,1529.37394
736.964,1687.50621
737.392,1695.82464
737.82,1644.60519
738.247,1625.50276
738.675,1572.42097
739.102,1572.66996
739.53,1598.79542
739.957,1552.74126
740.384,1593.59304
740.811,1559.67525
741.238,1572.56636
741.665,1560.42465
742.092,1404.26477
742.519,1509.5985
742.945,1513.48089
743.372,1461.51272
743.798,1446.65583
744.225,1440.41047
744.651,1374.43792
745.077,1379.47888
745.503,1339.30302
745.929,1405.34197
746.355,1343.32825
746.781,1374.42541
747.207,1331.23599
747.632,1251.24677
748.058,1189.17634
748.483,1284.05366
748.908,1240.31256
749.334,1251.24334
749.759,1157.99506
750.184,1152.06043
750.609,1226.21907
751.033,1233.0716
751.458,1111.80014
751.883,1155.17847
752.307,1104.9513
752.732,1152.23462
753.156,1059.03
753.58,1010.79859
754.005,1020.00335
754.429,987.77518
754.853,993.91926
755.277,984.79732
755.7,960.86114
756.124,974.92509
756.548,909.70729
756.971,917.75021
757.394,942.97629
757.818,939.98943
758.241,879.79991
758.664,906.86735
759.087,864.53483
759.51,785.58046
759.933,829.62709
760.356,860.82079
760.778,782.58271
761.201,822.61902
761.623,801.59423
762.046,767.45924
762.468,712.37578
762.89,746.53042
763.312,664.33317
763.734,695.40032
764.156,708.47001
764.578,705.33719
765,649.3207
765.421,664.45445
765.843,616.3894
766.264,586.1915
766.686,605.30697
767.107,571.17651
767.528,560.23516
767.949,573.26677
768.37,598.25791
768.791,603.24088
769.212,500.10954
769.632,512.03416
770.053,496.16067
770.473,470.99623
770.894,527.15475
771.314,433.88193
771.734,451.91483
772.154,466.05751
772.575,454.91019
772.994,454.91103
773.414,452.95265
773.834,427.94397
774.254,406.87036
774.673,446.96022
775.093,463.02921
775.512,330.7285
775.931,376.8498
776.351,357.79847
776.77,448.98481
777.189,428.90366
777.607,393.90032
778.026,438.97455
778.445,355.81067
778.864,325.75591
779.282,407.87345
779.701,319.73288
780.119,279.64279
780.537,350.79878
780.955,338.77637
781.373,296.66329
781.791,299.60402
782.209,279.56853
782.627,287.69849
783.045,345.71197
783.462,244.57437
783.88,259.6221
784.297,297.68562
784.715,291.69337
785.132,291.6439
785.549,290.66773
785.966,233.54175
786.383,254.57831
786.8,213.45043
787.217,200.43618
787.633,246.57389
788.05,200.42081
788.466,266.56534
788.883,207.50042
789.299,212.47527
789.715,237.53011
790.131,191.43936
790.547,165.38395
790.963,238.54998
791.379,166.39836
791.795,148.30934
792.21,214.45839
792.626,182.39928
793.041,197.45642
793.457,124.28815
793.872,216.47247
794.287,179.40484
794.702,134.30905
795.117,130.30758
795.532,146.34677
795.947,118.25844
796.362,133.29295
796.776,127.27128
797.191,136.31191
797.605,119.26607
798.02,109.24954
798.434,66.13544
798.848,125.29283
799.262,110.26117
799.676,78.17573
800.09,94.21784
800.504,96.21876
800.918,57.12497
801.331,85.21098
801.745,75.16145
802.158,99.23401
802.572,105.23758
802.985,76.17088
803.398,120.26814
803.811,124.29939
804.224,47.11023
804.637,81.18492
805.05,54.11717
805.462,131.30219
805.875,89.22204
806.288,82.18739
806.7,89.21159
807.112,72.15749
807.525,41.09488
807.937,114.2716
808.349,74.17576
808.761,104.24273
809.173,45.10368
809.584,50.11656
809.996,91.21401
810.408,83.20617
810.819,33.07424
811.231,54.13757
811.642,119.27899
812.053,114.26261
812.464,144.3292
812.875,47.11397
813.286,66.16295
813.697,76.16266
814.108,62.14391
814.519,35.07291
814.929,86.20999
815.34,9.02092
815.75,80.19498
816.16,15.03561
816.571,46.11462
816.981,55.12272
817.391,87.19973
817.801,67.15941
818.211,1.00226
818.62,8.0183
819.03,84.19482
819.44,15.03745
819.849,43.10451
820.259,35.08535
820.668,-14.03285
821.077,35.08363
821.486,58.13153
821.895,88.20539
822.304,40.10162
822.713,34.07635
823.122,21.05031
823.531,18.04037
823.939,4.0093
824.348,70.16286
824.756,45.10686
825.164,50.1194
825.573,35.0843
825.981,71.16808
826.389,24.05692
826.797,31.07407
827.205,31.06828
827.612,44.10314
828.02,31.07011
828.428,41.10002
828.835,13.03303
829.243,-30.06836
829.65,21.05041
830.057,26.06044
830.464,49.11515
830.871,-23.05196
831.278,28.0644
831.685,27.05672
832.092,28.06589
832.499,-8.01645
832.905,-24.05801
833.312,-24.05159
833.718,43.10274
834.124,58.12596
834.531,37.08868
834.937,-33.08125
835.343,17.03851
835.749,29.0631
836.155,13.03263
836.561,13.0309
836.966,-28.06502
837.372,-7.01715
837.777,13.03139
838.183,-2.00417
838.588,65.15572
838.993,21.04873
839.399,-4.00939
839.804,30.07051
840.209,-21.05119
840.613,-52.10985
841.018,-7.01695
841.423,-32.07878
841.828,46.11203
842.232,61.1429
842.637,41.0922
843.041,6.01488
843.445,61.1477
843.849,38.0904
844.253,18.0408
844.657,38.09244
845.061,12.02564
845.465,-51.11845
845.869,20.04419
846.272,14.033
846.676,15.0346
847.079,2.00492
847.483,-6.01412
847.886,-10.02282
848.289,3.00777
848.692,3.00735
849.095,28.06442
849.498,18.04272
849.901,52.11278
850.304,0
850.707,-19.04651
851.109,11.02646
851.512,23.05367
851.914,21.05176
852.316,-16.03886
852.718,35.08764
853.121,-27.06365
853.523,-30.06679
853.925,4.01027
854.326,-7.01691
854.728,12.02994
855.13,35.08786
855.531,62.14157
855.933,30.06858
856.334,-20.04798
856.736,-5.01078
857.137,-18.04045
857.538,59.14286
857.939,7.01662
858.34,50.11523
858.741,4.01006
859.142,24.05482
859.542,-4.01027
859.943,8.01915
860.343,-26.06216
860.744,68.15783
861.144,21.04947
861.544,24.0563
861.945,6.01478
862.345,11.02569
862.745,11.02633
863.145,-19.04238
863.544,19.04592
863.944,13.02915
864.344,0
864.743,37.08668
865.143,2.00493
865.542,-28.06223
865.941,-2.00472
866.34,11.02485
866.74,-27.06981
867.139,41.09518
867.537,10.02433
867.936,2.00457
868.335,69.16732
868.734,-9.02227
869.132,1.00218
869.531,26.05975
869.929,27.05877
870.327,0
870.726,-20.04717
871.124,-44.09702
871.522,44.1076
871.92,-24.0559
872.318,14.03252
872.715,13.03057
873.113,-3.00699
873.511,-11.02652
873.908,-12.02965
874.306,-12.02881
874.703,-20.04781
875.1,-33.08101
875.497,10.02283
875.894,6.01414
876.291,-26.06104
876.688,30.07505
877.085,-30.0682
877.482,21.04997
877.878,17.03929
878.275,-41.10076
878.671,42.0867
879.068,35.08006
879.464,-48.11128
879.86,44.10055
880.256,-2.00466
880.652,27.06616
881.048,35.08228
881.444,-10.02255
881.84,18.04402
882.236,30.07191
882.631,9.02086
883.027,2.00456
883.422,16.03963
883.817,-9.02192
884.213,28.0686
884.608,1.00237
885.003,-47.10894
885.398,-21.05075
885.793,53.12731
886.188,3.00722
886.582,-3.0073
886.977,-10.02248
887.371,-1.00243
887.766,-33.08002
888.16,-16.03822
888.554,0
888.949,-21.05012
889.343,26.05975
889.737,-8.02094
890.131,-1.00241
890.525,-7.01718
890.918,30.07221
891.312,28.0635
891.706,48.12064
892.099,-13.0315
892.492,14.02809
892.886,17.04
893.279,31.07551
893.672,-76.18751
894.065,-17.0402
894.458,2.00484
894.851,12.02739
895.244,-30.07415
895.637,27.06186
896.029,5.0118
896.422,-7.01624
896.814,6.0144
897.206,-25.05721
897.599,31.07177
897.991,4.00919
898.383,18.04025
898.775,39.08323
899.167,-12.02714
899.559,-3.00728
899.951,0
900.342,44.10644
900.734,-65.15768
901.125,-31.07779
901.517,-1.00234
901.908,28.06306
902.299,7.01645
902.69,26.05805
903.082,-54.12454
903.473,45.10298
903.863,16.03902
904.254,-1.00221
904.645,-22.05155
905.036,12.02812
905.426,5.01073
905.817,-6.01401
906.207,58.1326
906.597,-10.02237
906.987,1.0025
907.378,6.01446
907.768,-6.01525
908.158,2.00462
908.547,-72.17849
908.937,12.02948
909.327,-31.07134
909.717,-12.0286
910.106,-47.10691
910.495,21.04973
910.885,6.01451
911.274,10.02382
911.663,36.08672
912.052,-23.05337
912.441,-8.01948
912.83,54.11852
913.219,-4.01
913.608,12.02772
913.997,-6.01455
914.385,13.0292
914.774,43.09987
915.162,-17.0389
915.55,-60.13678
915.939,-1.00245
916.327,33.0787
916.715,64.15842
917.103,-22.05076
917.491,-49.11497
917.878,2.00469
918.266,7.01731
918.654,47.11478
919.041,-30.07624
919.429,26.05827
919.816,28.06789
920.203,-42.09749
920.591,74.17596
920.978,49.11362
921.365,-27.06778
921.752,-29.06546
922.139,36.07251
922.525,32.07407
922.912,25.0582
923.299,38.09022
923.685,25.06264
924.072,-19.04095
924.458,-16.038
924.844,3.0071
925.231,12.02656
925.617,45.11035
926.003,0
926.389,-13.03144
926.774,-12.02914
927.16,42.09856
927.546,63.15512
927.931,-27.06375
928.317,-38.08231
928.702,-49.11015
929.088,9.02019
929.473,-16.03937
929.858,42.09791
930.243,6.01375
930.628,8.0186
931.013,45.10768
931.398,-12.02592
931.783,2.00505
932.167,-64.1492
932.552,35.0834
932.937,-33.07749
933.321,-15.03614
933.705,3.00732
934.09,2.00478
934.474,-8.01791
934.858,65.16187
935.242,20.04469
935.626,-15.03693
936.009,29.0748
936.393,-2.00489
936.777,35.08646
937.16,27.06719
937.544,29.06342
937.927,-17.0415
938.311,-34.0776
938.694,18.0456
939.077,-28.06427
939.46,-1.00232
939.843,9.0173
940.226,18.0442
940.609,-25.05423
940.991,27.06601
941.374,31.07265
941.757,-66.15549
942.139,-21.04511
942.522,11.02447
942.904,65.14977
943.286,-17.04085
943.668,34.08432
944.05,33.07752
944.432,-15.03551
944.814,45.10575
945.196,25.05909
945.578,-18.04123
945.959,64.14218
946.341,24.05487
946.722,21.04629
947.104,53.11992
947.485,68.14937
947.866,-11.02652
948.247,-25.06065
948.628,6.0139
949.009,22.05438
949.39,19.04498
949.771,-10.02171
950.152,-30.07082
950.532,1.00241
950.913,25.0573
951.293,-18.04732
951.674,-18.0413
952.054,-16.03841
952.434,8.01888
952.814,-9.02036
953.194,-25.06228
953.574,-11.02542
953.954,32.07207
954.334,-28.06653
954.714,8.0187
955.093,41.09496
955.473,-23.0555
955.853,9.02253
956.232,11.02927
956.611,8.01813
956.99,35.08494
957.37,5.01229
957.749,-8.01798
958.128,7.01713
958.506,-4.00996
958.885,55.13342
959.264,33.07728
959.643,-70.14923
960.021,4.00948
960.4,73.15681
960.778,-13.03023
961.156,14.03357
961.535,29.06465
961.913,20.04406
962.291,6.0149
962.669,-8.01947
963.047,21.05136
963.424,29.07069
963.802,9.02115
964.18,-10.02393
964.557,-84.18048
964.935,-17.03815
965.312,-6.01507
965.69,10.02374
966.067,-10.02309
966.444,56.13024
966.821,30.07385
967.198,-12.02754
967.575,21.04873
967.952,3.00667
968.329,18.04209
968.705,12.02414
969.082,48.11877
969.458,-30.06988
969.835,-10.02317
970.211,14.035
970.587,32.07606
970.963,5.01233
971.339,-7.01765
971.715,-3.00713
972.091,30.07062
972.467,39.09179
972.843,24.05714
973.219,1.00222
973.594,-22.05565
973.97,31.06854
974.345,10.02284
974.721,-63.14417
975.096,-12.02765
975.471,-7.01577
975.846,-14.03217
976.221,-30.07339
976.596,-6.01366
976.971,10.02346
977.346,56.12203
977.72,53.12944
978.095,-5.0125
978.469,30.06798
978.844,-27.06412
979.218,43.09844
979.593,22.04989
979.967,59.13496
980.341,38.08266
980.715,-16.03841
981.089,-20.04798
981.463,33.07211
981.837,35.0817
982.21,-7.01509
982.584,-19.04418
982.957,-28.06766
983.331,11.02437
983.704,31.0733
984.078,27.06387
984.451,-6.01408
984.824,-36.08452
985.197,-21.04841
985.57,23.05527
985.943,62.14499
986.316,18.0416
986.688,2.00461
987.061,52.11389
987.434,-6.01512
987.806,-13.02989
988.179,44.0986
988.551,10.02415
988.923,41.09691
989.295,22.05225
989.667,-27.06268
990.039,2.00478
990.411,12.0263
990.783,5.01081
991.155,36.08323
991.527,-14.0321
991.898,-32.07691
992.27,19.04502
992.641,36.08518
993.012,9.01992
993.384,-3.00681
993.755,-13.03187
994.126,32.07336
994.497,13.03056
994.868,20.04308
995.239,-15.03433
995.61,-42.10175
995.98,50.11665
996.351,52.12398
996.722,-25.05539
997.092,-36.08273
997.462,45.10248
997.833,-3.00671
998.203,-33.076
998.573,12.02891
998.943,14.03122
999.313,10.02283
999.683,35.08096
1000.053,29.0628
1000.423,44.1018
1000.792,-13.03229
1001.162,-18.04303
1001.531,-28.06558
1001.901,47.11127
1002.27,-22.04623
1002.639,-29.07133
1003.009,42.09513
1003.378,-4.00982
1003.747,33.07473
1004.116,9.02054
1004.485,30.06845
1004.853,4.00965
1005.222,-19.0458
1005.591,-59.13306
1005.959,54.11812
1006.328,72.15509
1006.696,71.16489
1007.064,12.02875
1007.433,3.00709
1007.801,10.0234
1008.169,23.05592
1008.537,-10.02059
1008.905,39.08673
1009.273,15.03504
1009.64,-35.08026
1010.008,37.0842
1010.375,-49.10947
1010.743,25.05296
1011.11,17.0387
1011.478,-3.00708
1011.845,56.12353
1012.212,14.02981
1012.579,8.01873
1012.946,32.07121
1013.313,35.07829
1013.68,-56.11731
1014.047,-31.07114
1014.414,0
1014.78,1.00238
1015.147,-8.01838
1015.513,33.07597
1015.88,2.00486
1016.246,30.07013
1016.612,14.03001
1016.978,-16.03733
1017.344,-3.00703
1017.71,-85.1942
1018.076,2.00443
1018.442,21.05167
1018.808,37.08905
1019.174,52.12436
1019.539,39.08287
1019.905,92.2088
1020.27,24.05711
1020.636,4.00898
1021.001,64.14584
1021.366,-64.14784
1021.731,-7.0172
1022.096,31.07551
1022.461,15.0337
1022.826,31.07011
1023.191,-3.00757
1023.556,50.11057
1023.92,14.0326
1024.285,65.1503
1024.649,17.03934
1025.014,-10.02352
1025.378,6.01449
1025.742,17.04067
1026.107,-2.00423
1026.471,24.0519
1026.835,90.21516
1027.199,20.04596
1027.562,3.0067
1027.926,2.00463
1028.29,1.00241
1028.654,-10.02172
1029.017,-10.02339
1029.381,36.0829
1029.744,25.06112
1030.107,5.01105
1030.471,33.07537
1030.834,15.03232
1031.197,-17.03818
1031.56,50.11085
1031.923,26.06441
1032.286,-18.03949
1032.648,56.12612
1033.011,31.06817
1033.374,-32.06997
1033.736,-1.00254
1034.099,0
1034.461,74.17988
1034.823,-26.06225
1035.185,10.02411
1035.548,53.12178
1035.91,-36.08227
1036.272,-11.02367
1036.634,8.01837
1036.995,-23.05138
1037.357,-65.15209
1037.719,0
1038.08,-15.03362
1038.442,37.08447
1038.803,16.03652
1039.165,6.01451
1039.526,-31.07123
1039.887,33.07555
1040.248,4.00951
1040.609,33.07716
1040.97,59.13789
1041.331,26.06301
1041.692,8.01786
1042.053,7.01501
1042.413,23.05081
1042.774,-16.03699
1043.134,17.03778
1043.495,-27.06483
1043.855,-16.03671
1044.215,19.04524
1044.576,26.05951
1044.936,2.0043
1045.296,26.06102
1045.656,-1.00231
1046.016,-4.00915
1046.375,23.05321
1046.735,60.12991
1047.095,37.08177
1047.454,-13.02527
1047.814,34.07854
1048.173,-20.04476
1048.533,27.05862
1048.892,46.1069
1049.251,3.00719
1049.61,-68.16076
1049.969,16.03568
1050.328,15.03025
1050.687,39.09007
1051.046,64.14778
1051.405,-14.0332
1051.763,7.01532
1052.122,14.03351
1052.48,24.05654
1052.839,7.01557
1053.197,-23.0516
1053.555,-2.00425
1053.914,27.06233
1054.272,23.05287
1054.63,30.07024
1054.988,35.07955
1055.345,5.01011
1055.703,1.00229
1056.061,16.03943
1056.419,11.02752
1056.776,31.0714
1057.134,36.07881
1057.491,38.09088
1057.848,-2.00468
1058.206,-44.09722
1058.563,3.00622
1058.92,59.12619
1059.277,2.00468
1059.634,9.02006
1059.991,-63.14046
1060.348,78.16665
1060.704,19.04373
1061.061,44.09507
1061.418,61.14178
1061.774,-4.00944
1062.131,28.07204
1062.487,59.13088
1062.843,58.1376
1063.199,-32.07612
1063.555,43.0944
1063.911,-1.00243
1064.267,22.04217
1064.623,-10.02317
1064.979,-6.01309
1065.335,-31.06917
1065.691,-51.11488
1066.046,52.10681
1066.402,76.16371
1066.757,-14.03384
1067.112,16.03711
1067.468,-1.00227
1067.823,26.05958
1068.178,8.01827
1068.533,23.05295
1068.888,11.02471
1069.243,-2.00469
1069.598,1.00232
1069.952,-16.03457
1070.307,41.09751
1070.662,-8.01799
1071.016,58.12359
1071.371,-22.04745
1071.725,-11.0245
1072.079,62.14248
1072.434,0
1072.788,-4.00905
1073.142,-52.12046
1073.496,-54.12256
1073.85,7.0153
1074.203,-4.00916
1074.557,11.02813
1074.911,-9.02014
1075.265,50.10979
1075.618,36.08306
1075.971,61.13819
1076.325,-23.05619
1076.678,0
1077.031,11.02361
1077.385,11.02257
1077.738,10.02155
1078.091,56.12079
1078.444,53.11542
1078.796,30.07054
1079.149,47.1117
1079.502,-17.03845
1079.855,21.0462
1080.207,18.04191
1080.56,-16.04005
1080.912,-1.00231
1081.264,-5.01142
1081.617,31.07157
1081.969,16.03885
1082.321,21.04914
1082.673,-9.0195
1083.025,-19.04246
1083.377,-284.59517
1083.728,26.05752
1084.08,-2.00474
1084.432,28.06437
1084.783,-4.00881
1085.135,14.03374
1085.486,33.07193
1085.838,-9.02122
1086.189,7.01624
1086.54,20.04482
1086.891,-49.11994
1087.242,-1.00231
1087.593,-35.08022
1087.944,38.08157
1088.295,37.07835
1088.646,-17.03884
1088.996,17.03928
1089.347,11.02555
1089.698,-20.04545
1090.048,26.06483
1090.398,-12.02623
1090.749,2.00457
1091.099,31.07588
1091.449,5.01198
1091.799,-4.00954
1092.149,2.00473
1092.499,10.02333
1092.849,-3.00734
1093.199,-10.02379
1093.548,-21.04844
1093.898,25.06005
1094.248,7.01715
1094.597,31.07754
1094.947,4.01033
1095.296,29.06892
1095.645,27.06646
1095.994,-48.10898
1096.343,-46.10964
1096.692,-13.03297
1097.041,28.07468
1097.39,29.06942
1097.739,-14.03501
1098.088,-26.06642
1098.437,-11.02835
1098.785,44.11532
1099.134,-23.05829
1099.482,-26.06882
1099.83,63.15934
1100.179,8.02032
1100.527,41.1055
1100.875,45.11495
1101.223,19.04853
1101.571,8.0216
1101.919,11.02812
1102.267,25.06893
1102.615,1.00321
1102.962,-12.03852
1103.31,12.03849
1103.658,-2.00642
