Anneal Time,Temperature,PbI2_vol,BAAc_vol,MAI_vol,R PbI2,R BAAc,R MAI,QW 1,QW 2,QW 3,QW 4,QW 5,QW 6,QW 7,QW 8,QW 9,QW 10,QW 11,QW 12,QW 99,files,campaign
60.0,60.0,100.0,67.5,132.5,1.0,0.675,1.325,0.0888739588458755,0.1064495529195784,0.2376463872929049,0.1723346593583386,0.0,0.1791557236916786,0.128855245741653,0.0803149482652288,0.1417436094568047,0.0806001968432381,0.0805168562465386,0.0876204829709904,0.0600115576940093,N1 R0 60C sample 3_Subt2__0__12-27-19-733.csv,N1
60.0,60.0,100.0,67.5,132.5,1.0,0.675,1.325,0.0713241410939152,0.1469709115808451,0.2594376970516881,0.1631850929795423,0.1492881973481945,0.1613721104937186,0.1588331607070077,0.0,0.1889310935429004,0.188854060319675,0.1531700529063077,0.1488365117500358,0.1552164957076195,N1 R0 60C sample 4_Subt2__0__12-28-50-232.csv,N1
30.0,60.0,100.0,67.5,132.5,1.0,0.675,1.325,0.082258467059028,0.0983486722762445,0.2107494264049128,0.1723855694020087,0.1540695502363939,0.1246226672663918,0.1200148893599611,0.1323834788311175,0.1322712474596594,0.1335619521485584,0.1500437980194021,0.1499529842689725,0.2394242342664075,N1 R0 60C sample 7_Subt2__0__11-58-42-273.csv,N1
30.0,60.0,100.0,67.5,132.5,1.0,0.675,1.325,0.0,0.3018985307704216,0.3395654767690153,0.2973304895478584,0.0,0.2632495439531291,0.2878741471333466,0.2874689938332977,0.0,0.0,0.0,0.3900948072979114,0.3936505370998521,N1 R0 60C sample 8_Subt2__0__11-59-10-772.csv,N1
5.0,60.0,100.0,67.5,132.5,1.0,0.675,1.325,0.1392926334874018,0.2129856883786943,0.3226207480935895,0.2377950793744888,0.0,0.1570698685726023,0.1276790926881424,0.1287125573863335,0.1285760573831298,0.1541107949388879,0.0,0.0,0.225542094326912,N1 R0 60C sample 11_Subt2__0__11-37-12-802.csv,N1
5.0,60.0,100.0,67.5,132.5,1.0,0.675,1.325,0.0,0.2434813446047189,0.3153940476483985,0.2197189062487747,0.1688278330354274,0.1400104641032288,0.1303835651790006,0.1303151004735089,0.1165505515156063,0.1164466974856706,0.1348555721097776,0.1347497495844235,0.1492146848039512,N1 R0 60C sample 12_Subt2__0__11-37-34-301.csv,N1
60.0,105.0,100.0,67.5,132.5,1.0,0.675,1.325,0.0,0.0,0.2209690189270429,0.3804298022539976,0.2945933955393101,0.0,0.2623922728057016,0.0,0.0,0.1863259044563754,0.1861815969629154,0.1961383456108289,0.2041980745850475,N1R0 105C sample 3_Subt2__0__13-39-09-638.csv,N1
60.0,105.0,100.0,67.5,132.5,1.0,0.675,1.325,0.0,0.0,0.2443239180181519,0.3151475295457763,0.2415838540376413,0.2419459043282207,0.1859250896156503,0.1152342972855175,0.1813188333447467,0.1753241151162986,0.1194432322998747,0.1250716524073293,0.1428432915131087,N1R0 105C sample 4_Subt2__0__13-39-54-139.csv,N1
30.0,105.0,100.0,67.5,132.5,1.0,0.675,1.325,0.0,0.0,0.1535510820885557,0.2880376731576975,0.273318404654041,0.2607340417448736,0.1854540948538289,0.1676237500208654,0.167524306060139,0.1169270116877794,0.1439864717927665,0.1416994601722059,0.1387974187317918,N1R0 105C sample 7_Subt2__0__13-12-51-672.csv,N1
30.0,105.0,100.0,67.5,132.5,1.0,0.675,1.325,0.0,0.0,0.2063881248286921,0.3637593210273078,0.2528860476027824,0.0,0.1956976245833722,0.143424795338656,0.1669662503966193,0.1486646012213053,0.1428115275616448,0.1501169677999695,0.1561021550176519,N1R0 105C sample 8_Subt2__0__13-13-29-673.csv,N1
5.0,105.0,100.0,67.5,132.5,1.0,0.675,1.325,0.0,0.1494067476454116,0.2204437408940862,0.3269430178336376,0.2903573359216868,0.2533804312463374,0.0,0.0,0.1802781562223502,0.1735134886713599,0.1498072333401789,0.1496595865064775,0.1456180395422226,N1R0 105C sample 11_Subt2__0__12-51-45-702.csv,N1
5.0,105.0,100.0,67.5,132.5,1.0,0.675,1.325,0.0,0.2068284963943472,0.2819241743340348,0.4001448660553867,0.3332330510733982,0.3180820940161561,0.0,0.0,0.0,0.0,0.0,0.2413322932778663,0.2447285167660501,N1R0 105C sample 12_Subt2__0__12-52-09-188.csv,N1
60.0,150.0,100.0,67.5,132.5,1.0,0.675,1.325,0.1357073658600081,0.0579951680790673,0.3108948783048144,0.1216765747193031,0.0576212999966791,0.0942208626769435,0.0775735485528971,0.1015209222105071,0.0839622870846088,0.1063450277084013,0.1062622746936477,0.1020486738211876,0.1171683604391656,N1R0 150C sample 3_Subt2__0__14-47-02-040.csv,N1
60.0,150.0,100.0,67.5,132.5,1.0,0.675,1.325,0.1862684579060477,0.0,0.3283216677051501,0.0,0.0,0.2556888028073184,0.0,0.1890688963594868,0.1891379542835478,0.2020979554827008,0.2020514582949677,0.2489974085905995,0.2917515174157547,N1R0 150C sample 4_Subt2__0__14-47-25-046.csv,N1
30.0,150.0,100.0,67.5,132.5,1.0,0.675,1.325,0.0,0.0,0.2651622300659021,0.2450615003083518,0.0,0.2579338655787181,0.0,0.2561427588460566,0.2562767771437346,0.2480884093349264,0.2981931622041418,0.2979929660731263,0.3268529428870905,N1R0 150C sample 7_Subt2__0__14-23-09-578.csv,N1
30.0,150.0,100.0,67.5,132.5,1.0,0.675,1.325,0.0,0.0,0.0913917732509423,0.1038971707130891,0.1397671616001239,0.1750193863214707,0.1839554985058446,0.0,0.2747673683396281,0.1654660267881954,0.2020241167672918,0.2115136240755994,0.2363392508136358,N1R0 150C sample 8_Subt2__0__14-22-37-580.csv,N1
5.0,150.0,100.0,67.5,132.5,1.0,0.675,1.325,0.0,0.0,0.5649503344128247,0.0,0.0,0.2765232381412972,0.2567298312156327,0.2571284895065486,0.2571284895065486,0.2660291319549331,0.2657011932050713,0.264859331205047,0.2645017193545045,N1R0 150C sample 11_Subt2__0__13-57-07-113.csv,N1
5.0,150.0,100.0,67.5,132.5,1.0,0.675,1.325,0.0,0.2501536813839307,0.4069891972244875,0.3749408553736695,0.0,0.0,0.274908810567899,0.2260092307064018,0.2268486520356855,0.2257897604285685,0.225580459981922,0.2292926856655874,0.2440500160787758,N1R0 150C sample 12_Subt2__0__13-58-18-612.csv,N1
5.0,60.0,85.7,85.7,128.6,1.0,1.0,1.5,0.0,0.3915526385419569,0.3345566709507382,0.2620094121434793,0.2099395071502542,0.0,0.2056750002403225,0.2001850637675407,0.0,0.1988717585191081,0.1987363078061744,0.2024662339701566,0.2002022921742973,N2 R0 150C sample1_Subt2__0,N1
5.0,60.0,85.7,85.7,128.6,1.0,1.0,1.5,0.0,0.4417654817549936,0.341128839429392,0.0,0.2645313165534336,0.2500345883908084,0.0,0.0,0.2339250417877212,0.2262870768059638,0.22600522574477,0.2257664302574124,0.0,N2 R0 60C sample2_Subt2__0,N1
30.0,60.0,85.7,85.7,128.6,1.0,1.0,1.5,0.0,0.2998764544537952,0.3149807688458676,0.2046357681738398,0.1950697058947083,0.0,0.2414893224045509,0.0,0.1742705478653086,0.1741742196656234,0.14511050936235,0.1449374148067096,0.1595624981716945,N2 R0 60C sample3_Subt2__0,N1
30.0,60.0,85.7,85.7,128.6,1.0,1.0,1.5,0.0,0.4494704599584895,0.4438460869040497,0.0,0.0,0.3167178327423133,0.0,0.0,0.2822511502811775,0.2822511502811775,0.282233125107739,0.2820277932451967,0.2861770346484951,N2 R0 105C sample3_Subt2__0,N1
60.0,60.0,85.7,85.7,128.6,1.0,1.0,1.5,0.0,0.4192123878272347,0.3060349666952882,0.0,0.0,0.2467117012580258,0.2072350704813978,0.2099125200791465,0.2046561841341383,0.2002356455894094,0.1990920304932708,0.1988433190034354,0.2006512876397216,N2 R0 105C sample4_Subt2__0,N1
60.0,60.0,85.7,85.7,128.6,1.0,1.0,1.5,0.0,0.4284456188853908,0.2972932092958248,0.0,0.2324816295654901,0.2423915256307966,0.0,0.2111901272801405,0.2056132655295203,0.2029624510739438,0.2027723797532613,0.199946078596004,0.2008621136767197,N2 R0 150C sample4_Subt2__0,N1
5.0,105.0,85.7,85.7,128.6,1.0,1.0,1.5,0.1892008694733649,0.3226615018497051,0.2364321811229241,0.1526294767975295,0.148621723959552,0.1342049904257649,0.1490654156763896,0.0,0.0,0.1467158252857549,0.1147128948504592,0.1146288175608781,0.1550530064229721,N2 R0 150C sample5_Subt2__0,N1
5.0,105.0,85.7,85.7,128.6,1.0,1.0,1.5,0.0,0.4015508180482643,0.326069203479073,0.2443930645363174,0.0,0.2112013833880952,0.2169082661805458,0.0,0.0,0.2080187629093036,0.207854220902401,0.2077285900813354,0.2043103639399933,N2 R0 60C sample6_Subt2__0,N1
30.0,105.0,85.7,85.7,128.6,1.0,1.0,1.5,0.0,0.2584957238820808,0.2351616613011755,0.1850973099485701,0.0,0.0,0.4143768878168923,0.0,0.0,0.22208074623559,0.2117726317044151,0.2116131027590162,0.2021349524528985,N2 R0 60C sample7_Subt2__0,N1
30.0,105.0,85.7,85.7,128.6,1.0,1.0,1.5,0.0,0.3764107718271901,0.3362675869039394,0.2655877390870405,0.0,0.0,0.409845962473681,0.0,0.0,0.0,0.0,0.3302794561974775,0.3343772470506511,N2 R0 105C sample7_Subt2__0,N1
60.0,105.0,85.7,85.7,128.6,1.0,1.0,1.5,0.0,0.3178393580474997,0.2256713350338709,0.176479250353876,0.0,0.0,0.35509186562072,0.0,0.2482452008334323,0.2481180840837879,0.1967822046647969,0.1973455713843382,0.0,N2 R0 105C sample8_Subt2__0,N1
60.0,105.0,85.7,85.7,128.6,1.0,1.0,1.5,0.1179452361114793,0.2630993629467794,0.261010804078141,0.1304509299039571,0.0,0.0,0.2969100732959416,0.2093760479976117,0.209297716935267,0.217379524033215,0.1916578233667528,0.2133827300098848,0.0,N2 R0 150C sample8_Subt2__0,N1
5.0,150.0,85.7,85.7,128.6,1.0,1.0,1.5,0.0,0.3101726509146458,0.3580979854389582,0.0,0.0,0.0,0.549206791468687,0.0,0.0,0.0,0.0,0.0,0.0,N2 R0 150C sample9_Subt2__0,N1
5.0,150.0,85.7,85.7,128.6,1.0,1.0,1.5,0.0,0.2406822198834916,0.3765853330630974,0.3140438029829486,0.0,0.0,0.3332074053029746,0.3543286879196841,0.3540193937563481,0.3377789356845224,0.0,0.0,0.0,N2 R0 60C sample10_Subt2__0,N1
30.0,150.0,85.7,85.7,128.6,1.0,1.0,1.5,0.1687990487563818,0.2243511777491371,0.2167435465550111,0.1988007696964486,0.1816742861247785,0.3355039784481146,0.0,0.0,0.0,0.1183422847362316,0.1182773647438408,0.1999923680227594,0.1246963801987011,N2 R0 60C sample11_Subt2__0,N1
30.0,150.0,85.7,85.7,128.6,1.0,1.0,1.5,0.0,0.2288820425842782,0.3262334024065543,0.2470989090362214,0.2777478859671185,0.0,0.2913886903989779,0.2646180883083924,0.2644147116889198,0.2721096574896839,0.2719294207695372,0.2717937951227956,0.2872131911425915,N2 R0 105C sample11_Subt2__0,N1
60.0,150.0,85.7,85.7,128.6,1.0,1.0,1.5,0.1987725562608255,0.2910714445846343,0.2945177662371236,0.0,0.225190387220828,0.1866012646747509,0.2208601815203941,0.0,0.0,0.3216283888904453,0.3215246110587169,0.3214446072925351,0.293989800888519,N2 R0 105C sample12_Subt2__0,N1
60.0,150.0,85.7,85.7,128.6,1.0,1.0,1.5,0.0,0.3260485864330121,0.2996842452953658,0.2404882059435427,0.2983452588440838,0.0,0.3803858426234918,0.380032527309844,0.0,0.0,0.0,0.0,0.3526438361309056,N2 R0 150C sample12_Subt2__0,N1
60.0,60.0,60.0,120.0,120.0,1.0,2.0,2.0,0.2815625035410362,0.2203542709197347,0.0,0.1186083121423483,0.1063646192140009,0.1179163959526408,0.1064040109732879,0.1119018359051134,0.0948502616007795,0.0947173416602869,0.1042442481656783,0.0912572420845347,0.0911162087980521,N1 R0 60C sample 1_Subt2__0__12-25-40-737.csv,N1
60.0,60.0,60.0,120.0,120.0,1.0,2.0,2.0,0.0,0.3530845603242139,0.208380669192157,0.2449684616239367,0.2803204359205213,0.0,0.318652137068719,0.0,0.2279066330483453,0.212232778075096,0.212087242018769,0.1706365835944856,0.1728958361698861,N1 R0 60C sample 2_Subt2__0__12-26-44-236.csv,N1
30.0,60.0,60.0,120.0,120.0,1.0,2.0,2.0,0.6347236348542061,0.3686622371256123,0.0,0.0,0.0,0.0,0.0,0.0,0.0,0.0,0.0,0.0,0.0,N1 R0 60C sample 5_Subt2__0__12-01-57-269.csv,N1
30.0,60.0,60.0,120.0,120.0,1.0,2.0,2.0,0.2233338907196704,0.492592864932672,0.0,0.2688780052825652,0.0,0.0,0.2896228355801021,0.2435333406219074,0.2435333406219074,0.2251767692011452,0.2250565540686152,0.2260309924469404,0.2306262861187502,N1 R0 60C sample 6_Subt2__0__11-59-59-271.csv,N1
5.0,60.0,60.0,120.0,120.0,1.0,2.0,2.0,0.0,0.5460821407634852,0.0,0.291600954799054,0.0,0.0,0.2637497304285374,0.2780450649898853,0.2560097021460928,0.2559183385362295,0.2545845299752541,0.2544123885558496,0.2583169008087873,N1 R0 60C sample 9_Subt2__0__11-34-26-305.csv,N1
5.0,60.0,60.0,120.0,120.0,1.0,2.0,2.0,0.2868723572246656,0.4957331769085063,0.0,0.2610837752240191,0.0,0.0,0.2324302658475027,0.2336628867759437,0.2256704469094524,0.225442099316681,0.0,0.0,0.0,N1 R0 60C sample 10_Subt2__0__11-35-42-304.csv,N1
60.0,105.0,60.0,120.0,120.0,1.0,2.0,2.0,0.358092863635493,0.2551852777499671,0.0,0.0,0.0,0.1832916177077228,0.1849086387482585,0.1547831412987553,0.1462884523656705,0.16437665193091,0.1649963949274006,0.1588027267325396,0.1484625186105765,N1R0 105C sample 1_Subt2__0__13-38-18-639.csv,N1
60.0,105.0,60.0,120.0,120.0,1.0,2.0,2.0,0.0,0.2636078801208592,0.196636283174997,0.2107567513727182,0.0,0.0,0.3185273910844615,0.0,0.3563162716472648,0.3561860060783867,0.2639570107384866,0.2655977199440564,0.0,N1R0 105C sample 2_Subt2__0__13-38-46-638.csv,N1
30.0,105.0,60.0,120.0,120.0,1.0,2.0,2.0,0.056529538978459,0.3500849454118507,0.0,0.0692006416488313,0.0977354423661501,0.0811727815684574,0.0944638193646285,0.0640414533223307,0.0710350183735668,0.0915248482805028,0.0913860749442886,0.0643360405438919,0.0877511796930139,N1R0 105C sample 5_Subt2__0__13-11-29-175.csv,N1
30.0,105.0,60.0,120.0,120.0,1.0,2.0,2.0,0.0,0.308408156881442,0.0,0.2663165361169676,0.3281903409483472,0.0,0.3482040101735648,0.0,0.3269121040648777,0.3267215617675129,0.2767996677255034,0.286464199613647,0.0,N1R0 105C sample 6_Subt2__0__13-12-29-674.csv,N1
5.0,105.0,60.0,120.0,120.0,1.0,2.0,2.0,0.0,0.3083707979457411,0.2402148168471669,0.2499131098798198,0.0,0.0,0.4779784104776385,0.0,0.0,0.0,0.0,0.2884002090308558,0.2925272230337605,N1R0 105C sample 9_Subt2__0__12-54-00-698.csv,N1
5.0,105.0,60.0,120.0,120.0,1.0,2.0,2.0,0.0,0.484789158975087,0.0,0.2357187421595994,0.0,0.2433133514421009,0.2414664095513519,0.0,0.2199650113458648,0.1994160733952518,0.1991026823547367,0.1988321538995895,0.2159028133572621,N1R0 105C sample 10_Subt2__0__12-49-55-204.csv,N1
60.0,150.0,60.0,120.0,120.0,1.0,2.0,2.0,0.0,0.0,0.0,0.0,0.0,0.0,0.0,0.0,0.0,0.0,0.0,0.0,0.0,N1R0 150C sample 1_Subt2__0__14-45-48-548.csv,N1
60.0,150.0,60.0,120.0,120.0,1.0,2.0,2.0,0.0777246013720342,0.3353712920781378,0.0967000070910679,0.1041443261510261,0.0,0.0,0.1002106997157861,0.1118258122520986,0.0760422771931408,0.0837520662601015,0.1058857582687862,0.1057968634744089,0.114745921504787,N1R0 150C sample 2_Subt2__0__14-46-38-546.csv,N1
30.0,150.0,60.0,120.0,120.0,1.0,2.0,2.0,0.2758996556600719,0.1705873049621467,0.0,0.068295524134755,0.0,0.0761042169141294,0.0752497190992266,0.07814397427268,0.0716252793121169,0.0894583003367973,0.0893622528159498,0.0751707591953986,0.0811007834985112,N1R0 150C sample 5_Subt2__0__14-19-48-084.csv,N1
30.0,150.0,60.0,120.0,120.0,1.0,2.0,2.0,0.0449163615779653,0.3162010410906761,0.0578000602536065,0.0522776941774101,0.0,0.0561011983450044,0.0613703501213564,0.0407293304479189,0.0384293622114047,0.0759961168524741,0.0405697148012479,0.0404606800014583,0.05789845763443,N1R0 150C sample 6_Subt2__0__14-20-45-582.csv,N1
5.0,150.0,60.0,120.0,120.0,1.0,2.0,2.0,0.0,0.3284368012470838,0.0,0.1192983755052993,0.088993912240096,0.0858492976483935,0.089890634294801,0.085271997983172,0.0686525710542134,0.0663726349907245,0.065002010334947,0.0830791774421707,0.0871699139074578,N1R0 150C sample 9_Subt2__0__13-55-46-616.csv,N1
5.0,150.0,60.0,120.0,120.0,1.0,2.0,2.0,0.1822254999377056,0.4671017549958717,0.2021497496057089,0.1792548174655485,0.0,0.184244199589724,0.1836434281832728,0.1689863281030356,0.1689285160579581,0.1688937997435556,0.1841233689266812,0.1698318636389904,0.1740748577151857,N1R0 150C sample 10_Subt2__0__13-56-37-614.csv,N1
60.0,60.0,55.25,106.63,138.12,1.0,1.93,2.5,0.0,0.2549008792612167,0.2322521871917773,0.0,0.2541104211322009,0.0,0.417337969491211,0.0,0.0,0.191139698323174,0.215169531104626,0.1949725371619035,0.1746511928986761,N1 R1 sample 1_Subt2__0__12-09-02-318.csv,N1
60.0,60.0,55.25,106.63,138.12,1.0,1.93,2.5,0.1817794431809138,0.2838254002792575,0.2476504942018799,0.2867914613713538,0.0,0.0,0.3854107624433981,0.0,0.0,0.1750013786610303,0.1934484300162232,0.1933619117652967,0.1716835989471589,N1 R1 sample 2_Subt2__0__12-10-21-317.csv,N1
30.0,60.0,52.17,130.43,117.39,1.0,2.5,2.25,0.6223539608043143,0.3774635936826521,0.0,0.0,0.0,0.0,0.0,0.0,0.0,0.0,0.0,0.0,0.0,N1 R1 sample 3_Subt2__0__11-39-55-856.csv,N1
30.0,60.0,52.17,130.43,117.39,1.0,2.5,2.25,0.6201147158940682,0.3804388859718065,0.0,0.0,0.0,0.0,0.0,0.0,0.0,0.0,0.0,0.0,0.0,N1 R1 sample 4_Subt2__0__11-42-04-355.csv,N1
10.0,60.0,53.1,131.68,115.22,1.0,2.48,2.17,0.6283290953541688,0.3716218536046342,0.0,0.0,0.0,0.0,0.0,0.0,0.0,0.0,0.0,0.0,0.0,N1 R1 sample 5_Subt2__0__11-27-23-874.csv,N1
10.0,60.0,53.1,131.68,115.22,1.0,2.48,2.17,0.6352317084348588,0.3651233667518604,0.0,0.0,0.0,0.0,0.0,0.0,0.0,0.0,0.0,0.0,0.0,N1 R1 sample 6_Subt2__0__11-27-48-374.csv,N1
10.0,60.0,56.07,140.19,103.74,1.0,2.5,1.85,0.6414758700286217,0.3619430104076186,0.0,0.0,0.0,0.0,0.0,0.0,0.0,0.0,0.0,0.0,0.0,N1 R1 sample 7_Subt2__0__11-28-12-362.csv,N1
10.0,60.0,56.07,140.19,103.74,1.0,2.5,1.85,1.0,0.0,0.0,0.0,0.0,0.0,0.0,0.0,0.0,0.0,0.0,0.0,0.0,N1 R1 sample 8_Subt2__0__11-28-34-871.csv,N1
5.0,60.0,56.07,103.74,140.19,1.0,1.85,2.5,0.0,0.3971133049135371,0.2253115550134593,0.0,0.0,0.2747805761873803,0.1973140799828125,0.1749994725382666,0.1906698406434694,0.1706980721021522,0.1754228668035165,0.1853951529570572,0.1884879012686827,N1 R1 sample 9_Subt2__0__11-25-27-877.csv,N1
5.0,60.0,56.07,103.74,140.19,1.0,1.85,2.5,0.0,0.3971504344247599,0.1842463364899738,0.1768273546482719,0.0,0.2059642134516307,0.2197429315440543,0.0,0.0,0.1532386452510712,0.1560709459732707,0.147051052675844,0.1501503804596499,N1 R1 sample 10_Subt2__0__11-25-47-365.csv,N1
5.0,60.0,86.21,86.21,127.59,1.0,1.0,1.48,0.0,0.5176579430131639,0.4037268654647179,0.3310508092589663,0.0,0.0,0.0,0.0,0.0,0.0,0.0,0.0,0.0,N1 R1 sample 11_Subt2__0__11-26-06-869.csv,N1
5.0,60.0,86.21,86.21,127.59,1.0,1.0,1.48,0.0,0.5336227266443121,0.3708861498748978,0.0,0.0,0.0,0.0,0.0,0.0,0.0,0.0,0.0,0.3216926981947348,N1 R1 sample 12_Subt2__0__11-26-40-875.csv,N1
60.0,150.0,50.42,123.53,126.05,1.0,2.45,2.5,0.3880163036750254,0.3362649345402648,0.0,0.25087715052424,0.0,0.1970878810696565,0.2193267634587492,0.207109105332815,0.1972216852712205,0.1970989313317181,0.2027920737022542,0.200167965174588,0.2008184477191667,N1 R2 sample 1_Subt2__0__13-51-00-681.csv,N1
60.0,150.0,50.42,123.53,126.05,1.0,2.45,2.5,0.49432245365066,0.4520554966198135,0.0,0.3075162835768581,0.3079039020847858,0.3081622293185318,0.3082468130935608,0.3082074714655972,0.3081124238771277,0.3079651335724747,0.3078210029205201,0.3076914900234662,0.3097883123542733,N1 R2 sample 2_Subt2__0__13-51-39-673.csv,N1
60.0,150.0,51.02,121.43,127.55,1.0,2.38,2.5,0.4511164824632945,0.0,0.2736118248537605,0.2107257948457102,0.2123916184145624,0.2283149933807754,0.2273698920814018,0.1973388753082726,0.1972512647335674,0.1971524719503261,0.1970486818461748,0.1990202346059097,0.1992563417126388,N1 R2 sample 3_Subt2__0__13-52-37-180.csv,N1
60.0,150.0,51.02,121.43,127.55,1.0,2.38,2.5,0.381504827559472,0.12050362807164,0.097229295801758,0.1127614307215308,0.1028639108065251,0.0,0.1133377593312511,0.0915027365242411,0.0925141832157244,0.0855020603170139,0.0950473156293411,0.1070384846622795,0.0896743907777271,N1 R2 sample 4_Subt2__0__13-53-27-677.csv,N1
60.0,150.0,52.91,114.81,132.28,1.0,2.17,2.5,0.3573793124341846,0.1446710725591961,0.1067113938658188,0.0929454033177838,0.0892135027014549,0.098265873557975,0.0961310464020763,0.0981425161463123,0.1073185637215245,0.0961236490353224,0.0960256433862894,0.0970079771671393,0.0894326456746328,N1 R2 sample 5_Subt2__0__13-54-37-177.csv,N1
60.0,150.0,52.91,114.81,132.28,1.0,2.17,2.5,0.0,0.0,0.0,0.0,0.0,0.0,0.0,0.0,0.0,0.0,0.0,0.0,0.0,N1 R2 sample 6_Subt2__0__13-56-28-674.csv,N1
5.0,150.0,65.93,135.16,98.9,1.0,2.05,1.5,0.6493969940687344,0.3541222742587216,0.0,0.0,0.0,0.0,0.0,0.0,0.0,0.0,0.0,0.0,0.0,N1 R2 sample 7_Subt2__0__12-58-36-751.csv,N1
5.0,150.0,65.93,135.16,98.9,1.0,2.05,1.5,1.0,0.0,0.0,0.0,0.0,0.0,0.0,0.0,0.0,0.0,0.0,0.0,0.0,N1 R2 sample 8_Subt2__0__12-59-07-751.csv,N1
5.0,150.0,69.77,132.56,97.67,1.0,1.9,1.4,1.0,0.0,0.0,0.0,0.0,0.0,0.0,0.0,0.0,0.0,0.0,0.0,0.0,N1 R2 sample 9_Subt2__0__12-59-25-750.csv,N1
5.0,150.0,69.77,132.56,97.67,1.0,1.9,1.4,0.6411105253397349,0.35789911924794,0.0,0.0,0.0,0.0,0.0,0.0,0.0,0.0,0.0,0.0,0.0,N1 R2 sample 10_Subt2__0__13-00-22-249.csv,N1
5.0,150.0,62.76,155.65,81.59,1.0,2.48,1.3,0.6377313767022347,0.3654732006896425,0.0,0.0,0.0,0.0,0.0,0.0,0.0,0.0,0.0,0.0,0.0,N1 R2 sample 11_Subt2__0__13-00-52-248.csv,N1
5.0,150.0,62.76,155.65,81.59,1.0,2.48,1.3,0.6374265331603026,0.366677963087705,0.0,0.0,0.0,0.0,0.0,0.0,0.0,0.0,0.0,0.0,0.0,N1 R2 sample 12_Subt2__0__13-01-43-748.csv,N1
5.0,60.0,109.1,54.5,136.4,1.0,0.5,1.25,0.0,0.0,0.4508767657817158,0.0,0.2901015250335625,0.2573770424663738,0.2571216026690944,0.2937384016734472,0.2931168564594391,0.0,0.0,0.0,0.3952527921792574,N2 R0 60C sample1_Subt2__0,N2
5.0,60.0,109.1,54.5,136.4,1.0,0.5,1.25,0.0,0.1358462575480462,0.3113623545752171,0.2485116948286221,0.1884003012134014,0.1705558928138111,0.0,0.0,0.2201800034492549,0.2201429882756287,0.1920217374300873,0.2234867044444847,0.1650927496953149,N2 R0 105C sample1_Subt2__0,N2
30.0,60.0,109.1,54.5,136.4,1.0,0.5,1.25,0.0,0.3288563806283523,0.5113070066811596,0.0,0.3057382419681335,0.2553599065208022,0.2548021371663787,0.0,0.0,0.0,0.0,0.2877939238117735,0.2913848044726215,N2 R0 105C sample2_Subt2__0,N2
30.0,60.0,109.1,54.5,136.4,1.0,0.5,1.25,0.0,0.2489367871474742,0.4211848705176912,0.2504465039549489,0.0,0.0,0.1937548330354391,0.1708129006652781,0.2516609692352553,0.193359071210328,0.1931565289893706,0.193005028399258,0.2255652212952958,N2 R0 150C sample2_Subt2__0,N2
60.0,60.0,109.1,54.5,136.4,1.0,0.5,1.25,0.0,0.2142708972417145,0.3553497157265808,0.0,0.2996992790671516,0.0,0.184319348272252,0.3184425173782071,0.0,0.0,0.3088559350966239,0.308696121255903,0.2984305294982983,N2 R0 150C sample3_Subt2__0,N2
60.0,60.0,109.1,54.5,136.4,1.0,0.5,1.25,0.0,0.2552702419393041,0.4456589030501546,0.0,0.0,0.0,0.0,0.0,0.3414612778266768,0.3317902387200182,0.3315906369869686,0.3167907932494469,0.3217841561216175,N2 R0 60C sample4_Subt2__0,N2
5.0,105.0,109.1,54.5,136.4,1.0,0.5,1.25,0.0,0.0,0.3487589558685872,0.3781915875137377,0.4743354007066953,0.0,0.0,0.0,0.0,0.0,0.0,0.3121874307559932,0.3178984199336866,N2 R0 60C sample5_Subt2__0,N2
5.0,105.0,109.1,54.5,136.4,1.0,0.5,1.25,0.0,0.0,0.3490033686985993,0.4052819059113948,0.4469321325653136,0.0,0.0,0.0,0.0,0.0,0.0,0.3240692991174633,0.3298104777546375,N2 R0 105C sample5_Subt2__0,N2
30.0,105.0,109.1,54.5,136.4,1.0,0.5,1.25,0.0,0.0,0.316024122943294,0.4315174226812124,0.4208197763761896,0.0,0.0,0.0,0.0,0.0,0.0,0.2963214463936207,0.3021178765068724,N2 R0 105C sample6_Subt2__0,N2
30.0,105.0,109.1,54.5,136.4,1.0,0.5,1.25,0.0,0.0,0.2766980621142753,0.3559318889270388,0.3785083514630614,0.0,0.3456400824291463,0.0,0.3064902945517871,0.2651208998710703,0.2646812036908038,0.2643681679081862,0.0,N2 R0 150C sample6_Subt2__0,N2
60.0,105.0,109.1,54.5,136.4,1.0,0.5,1.25,0.0,0.0,0.0,0.3486045640500141,0.5023528204044019,0.0,0.0,0.0,0.0,0.330553571504415,0.3064580344075259,0.3056809490494294,0.0,N2 R0 150C sample7_Subt2__0,N2
60.0,105.0,109.1,54.5,136.4,1.0,0.5,1.25,0.0,0.0,0.2828713094067138,0.4602442792389831,0.3093169879294597,0.0,0.0,0.0,0.2986777907586125,0.3307485973370333,0.0,0.0,0.0,N2 R0 60C sample8_Subt2__0,N2
5.0,150.0,109.1,54.5,136.4,1.0,0.5,1.25,0.0,0.0,0.4337161641470208,0.4165233882901035,0.3708723954625181,0.0,0.0,0.0,0.0,0.0,0.0,0.2736860109765967,0.2794059444195082,N2 R0 60C sample9_Subt2__0,N2
5.0,150.0,109.1,54.5,136.4,1.0,0.5,1.25,0.0,0.0,0.4310790098636692,0.4783452236148107,0.0,0.0,0.0,0.0,0.0,0.0,0.0,0.3183185881337459,0.3260568130149627,N2 R0 105C sample9_Subt2__0,N2
30.0,150.0,109.1,54.5,136.4,1.0,0.5,1.25,0.0,0.2577422014735247,0.3601355315478513,0.4287204088813412,0.3619687910373046,0.0,0.0,0.0,0.0,0.0,0.0,0.237970444606744,0.2418438862446017,N2 R0 105C sample10_Subt2__0,N2
30.0,150.0,109.1,54.5,136.4,1.0,0.5,1.25,0.0,0.1924247250685986,0.3523065322458522,0.3215287509912102,0.2637062830987068,0.0,0.0,0.2394327660891374,0.217122239958362,0.2169199563606113,0.0,0.0,0.214517232429994,N2 R0 150C sample10_Subt2__0,N2
60.0,150.0,109.1,54.5,136.4,1.0,0.5,1.25,0.0,0.0,0.3255903573257546,0.2986101111521316,0.2733093431795739,0.0,0.0,0.0,0.0,0.0,0.0,0.0,0.5254398526491243,N2 R0 150C sample11_Subt2__0,N2
60.0,150.0,109.1,54.5,136.4,1.0,0.5,1.25,0.0,0.2545996383400488,0.3541048142959084,0.3473026447227729,0.3341369946403361,0.0,0.0,0.0,0.0,0.0,0.0,0.0,0.4923793538982453,N2 R0 60C sample12_Subt2__0,N2
60.0,60.0,83.33,83.33,133.33,1.0,1.0,1.6,0.0,0.4531018374933513,0.3850638321463264,0.2784146561539151,0.2687267547761023,0.0,0.2563956308579768,0.2574157210859483,0.2536595790614002,0.2544871026707154,0.0,0.0,0.0,N2 R1 sample 1_Subt2__0__13-46-10-938.csv,N2
60.0,60.0,83.33,83.33,133.33,1.0,1.0,1.6,0.0,0.4575332908051591,0.3278875135216706,0.2394565129769479,0.0,0.2385533157396112,0.2280920846069722,0.2322043221295986,0.0,0.0,0.0,0.0,0.0,N2 R1 sample 2_Subt2__0__13-48-48-934.csv,N2
60.0,60.0,90.91,72.73,136.36,1.0,0.8,1.5,0.0,0.2191128796152145,0.3896981595183606,0.2253551763413896,0.199921443453268,0.0,0.1495790822014958,0.1437577854809697,0.1423405066118434,0.1438624746874613,0.1519592958767675,0.1537848307355779,0.1514216536360872,N2 R1 sample 3_Subt2__0__14-07-40-908.csv,N2
60.0,60.0,90.91,72.73,136.36,1.0,0.8,1.5,0.0,0.1247818128594013,0.3046354264812369,0.1996109367695594,0.1513892440774664,0.0,0.1324015852132531,0.1324742491003378,0.1028569905772761,0.0968273264664636,0.0942237624412285,0.1385760457582029,0.1094913191829875,N2 R1 sample 4_Subt2__0__14-05-03-412.csv,N2
45.0,60.0,86.21,77.59,136.21,1.0,0.9,1.58,0.0,0.3671169986548646,0.4146466341449519,0.3138590812278733,0.2516668285232004,0.0,0.2384548882658042,0.2259340608685229,0.2257110987555396,0.2254477662741075,0.0,0.2264783938068505,0.2291813203418748,N2 R1 sample 5_Subt2__0__13-45-45-439.csv,N2
45.0,60.0,86.21,77.59,136.21,1.0,0.9,1.58,0.0,0.4714274141889427,0.364984165844961,0.0,0.2770179126676501,0.0,0.2537088772873273,0.2591957332011097,0.2545162022473979,0.2580143730500246,0.2559934726474387,0.2557603891576603,0.2561117711512632,N2 R1 sample 6_Subt2__0__13-33-03-956.csv,N2
45.0,60.0,85.23,93.75,121.02,1.0,1.1,1.42,0.0,0.3647186459160792,0.2496535318397671,0.0,0.1672224914065745,0.1669419887128547,0.1833823389502439,0.1473550456082678,0.1816465143744283,0.1452306876492071,0.144959506802634,0.1577245355612785,0.1604050599820195,N2 R1 sample 7_Subt2__0__13-33-21-456.csv,N2
45.0,60.0,85.23,93.75,121.02,1.0,1.1,1.42,0.0,0.5339578258315967,0.3678374250202358,0.0,0.0,0.2886783440536193,0.3103104433905101,0.0,0.0,0.0,0.0,0.0,0.0,N2 R1 sample 8_Subt2__0__13-30-45-460.csv,N2
40.0,60.0,82.19,90.41,127.4,1.0,1.1,1.55,0.0,0.3603297855200927,0.3097142643282157,0.1807560219315989,0.1912634321539596,0.0,0.1819216192361118,0.1827137324259483,0.1701145611197477,0.1865363806212558,0.1696991776001637,0.169512453254758,0.0,N2 R1 sample 9_Subt2__0__14-03-03-914.csv,N2
40.0,60.0,82.19,90.41,127.4,1.0,1.1,1.55,0.0,0.4907493359123278,0.2966287361975525,0.0,0.2430430631051324,0.2397170205554246,0.235095435407465,0.2342541597994546,0.0,0.0,0.0,0.0,0.0,N2 R1 sample 10_Subt2__0__14-02-13-415.csv,N2
40.0,60.0,89.55,80.6,129.85,1.0,0.9,1.45,0.0,0.3933716884062136,0.2776021150960793,0.1962021193347473,0.1887136820550283,0.0,0.0,0.0,0.1752707995971741,0.1764223740732464,0.1727030563852177,0.1725521490733305,0.1914625741254084,N2 R1 sample 11_Subt2__0__13-31-30-959.csv,N2
40.0,60.0,89.55,80.6,129.85,1.0,0.9,1.45,0.0,0.3815214974013529,0.2886281729978816,0.194875326609185,0.1864185074739398,0.1788649811358747,0.1706859342926477,0.1743482206669309,0.1826047749248323,0.0,0.0,0.1888580213859463,0.1720371817302018,N2 R1 sample 12_Subt2__0__13-32-27-460.csv,N2
60.0,70.0,81.08,89.19,129.73,1.0,1.1,1.6,0.0,0.3780223073242845,0.2913374972477263,0.2348839779651935,0.1784166052191776,0.192324152605034,0.1865412630514731,0.1848628877104729,0.1695821290625938,0.1696035589775865,0.1692628947659694,0.1690996868882988,0.1714043975925737,N2 R2  sample 1_Subt2__0__15-56-15-757.csv,N2
60.0,70.0,81.08,89.19,129.73,1.0,1.1,1.6,0.0,0.3192012051551293,0.2767668648441735,0.2513162738258016,0.0,0.0,0.4670977618700618,0.0,0.0,0.0,0.0,0.2410198863470852,0.2450820345113206,N2 R2  sample 2_Subt2__0__15-59-53-252.csv,N2
40.0,70.0,81.52,88.04,130.43,1.0,1.08,1.6,0.0,0.475406152444881,0.3064809432078831,0.0,0.2585056024001905,0.0,0.2799733439485853,0.0,0.2314205552032047,0.231557012479084,0.2260684566143344,0.2257810419531301,0.0,N2 R2  sample 3_Subt2__0__15-45-01-772.csv,N2
40.0,70.0,81.52,88.04,130.43,1.0,1.08,1.6,0.0,0.457942646235174,0.3304780971447716,0.2561782122666651,0.0,0.2593963410100309,0.2356896723414497,0.2350021881017941,0.0,0.0,0.0,0.0,0.0,N2 R2  sample 4_Subt2__0__15-43-40-274.csv,N2
25.0,70.0,82.87,84.53,132.6,1.0,1.02,1.6,0.0,0.4786149552199573,0.3587875983442148,0.263677349773576,0.2537227600435233,0.253937594661802,0.2538127385370394,0.2536003639999536,0.2533503164072258,0.2530453415830168,0.0,0.2689707442512023,0.2716501286793589,N2 R2  sample 5_Subt2__0__15-25-22-799.csv,N2
25.0,70.0,82.87,84.53,132.6,1.0,1.02,1.6,0.0,0.5055281764372596,0.3394014927074618,0.2664458811065703,0.2633416949415602,0.0,0.2549786763612157,0.0,0.0,0.0,0.0,0.0,0.0,N2 R2  sample 6_Subt2__0__15-25-47-300.csv,N2
5.0,70.0,81.08,89.19,129.73,1.0,1.1,1.6,0.0,0.48957860455601,0.3504212377311068,0.0,0.3276792716715787,0.0,0.3015341477662466,0.2551873018104978,0.2548460480850688,0.2540897181806265,0.2538120665338255,0.0,0.0,N2 R2  sample 7_Subt2__0__15-06-36-826.csv,N2
5.0,70.0,81.08,89.19,129.73,1.0,1.1,1.6,0.0,0.3558468345712762,0.31682509126649,0.2532123327868696,0.253382565563205,0.0,0.2648937184861683,0.1943851622843208,0.1940634533876275,0.1804519712941845,0.0,0.0,0.0,N2 R2  sample 8_Subt2__0__15-06-58-826.csv,N2
5.0,70.0,86.96,73.91,139.13,1.0,0.85,1.6,0.0,0.3018161855782785,0.3683311475355078,0.0,0.2186289824824425,0.0,0.1754965939567737,0.1841012505949343,0.1707703970083264,0.1706856045758193,0.1704921911396568,0.18476593947724,0.1817257158438643,N2 R2  sample 9_Subt2__0__15-10-05-322.csv,N2
5.0,70.0,86.96,73.91,139.13,1.0,0.85,1.6,0.0,0.399779234322076,0.3815817902373175,0.0,0.2546253273381131,0.0,0.2380476366649574,0.2297844309686966,0.2309666615487992,0.2269477987393789,0.226670160101289,0.2304490280890317,0.2334260842724476,N2 R2  sample 10_Subt2__0__15-11-04-321.csv,N2
5.0,70.0,90.91,100.0,109.09,1.0,1.1,1.2,0.0,0.0,0.0,0.0,0.0,0.0,0.0,0.0,0.0,0.0,0.0,0.0,0.0,N2 R2  sample 11_Subt2__0__15-12-09-820.csv,N2
5.0,70.0,90.91,100.0,109.09,1.0,1.1,1.2,0.0,0.0,0.0,0.0,0.0,0.0,0.0,0.0,0.0,0.0,0.0,0.0,0.0,N2 R2  sample 12_Subt2__0__15-12-33-818.csv,N2
35.0,60.0,81.52,88.04,130.43,1.0,1.08,1.6,0.0,0.4475808412076807,0.2805598776595405,0.2304759946639344,0.2512070764474663,0.0,0.2590753469980377,0.0,0.2275707730310915,0.197986278572696,0.1977482393230238,0.0,0.0,N2 R3 sample 1_Subt2__0__17-28-06-629.csv,N2
35.0,60.0,81.52,88.04,130.43,1.0,1.08,1.6,0.0,0.4760673335365963,0.3729957335297736,0.3098455150863364,0.0,0.0,0.3463173476241867,0.0,0.0,0.0,0.0,0.0,0.0,N2 R3 sample 2_Subt2__0__17-27-45-629.csv,N2
35.0,60.0,83.33,83.33,133.33,1.0,1.0,1.6,0.0,0.4455229868032975,0.3374372066070542,0.0,0.2392390655671555,0.0,0.2487926613654562,0.241404126647125,0.226840011112398,0.226546946934278,0.2260097952715985,0.2257773599794097,0.0,N2 R3 sample 3_Subt2__0__17-28-32-628.csv,N2
35.0,60.0,83.33,83.33,133.33,1.0,1.0,1.6,0.0,0.4842041478826617,0.3656020779090321,0.28766561668265,0.0,0.0,0.2694901987220257,0.0,0.0,0.0,0.0,0.0,0.0,N2 R3 sample 4_Subt2__0__17-28-51-128.csv,N2
35.0,60.0,100.0,40.0,160.0,1.0,0.4,1.6,0.0,0.0,0.0,0.0,0.0,0.0,0.0,0.0,0.0,0.725658503851978,0.7953632395167246,0.5216160019009074,0.0,N2 R3 sample 5_Subt2__0__17-29-22-627.csv,N2
35.0,60.0,100.0,40.0,160.0,1.0,0.4,1.6,0.0,0.0,0.0,0.0,0.0,0.0,0.0,0.0,0.0,0.0,0.7787843635289177,0.5659350637561716,0.0,N2 R3 sample 6_Subt2__0__17-30-10-626.csv,N2
20.0,60.0,83.33,83.33,133.33,1.0,1.0,1.6,0.0,0.5569378095573781,0.4226303948011047,0.323788295173117,0.0,0.0,0.0,0.0,0.0,0.0,0.0,0.0,0.0,N2 R3 sample 7_Subt2__0__17-14-56-647.csv,N2
20.0,60.0,83.33,83.33,133.33,1.0,1.0,1.6,0.0,0.5875572545772574,0.4280576039935076,0.0,0.0,0.0,0.0,0.0,0.0,0.0,0.0,0.0,0.0,N2 R3 sample 8_Subt2__0__17-15-21-147.csv,N2
5.0,60.0,100.0,40.0,160.0,1.0,0.4,1.6,0.0,0.0,0.0,0.2753162776651718,0.0,0.0,0.3755963118599399,0.0,0.0,0.4124315349567417,0.3134359783949375,0.3878522121875986,0.0,N2 R3 sample 9_Subt2__0__17-00-41-667.csv,N2
5.0,60.0,100.0,40.0,160.0,1.0,0.4,1.6,0.0,0.0,0.2474634199018545,0.2905861557083289,0.0,0.0,0.0,0.0,0.3180081322019821,0.380046147064927,0.4119037267582579,0.4113861148785558,0.0,N2 R3 sample 10_Subt2__0__17-01-28-169.csv,N2
5.0,60.0,109.09,43.64,147.27,1.0,0.4,1.35,0.0,0.0,0.3050626201305617,0.2944817201031947,0.3359417413059431,0.0,0.5176863464733475,0.5164539014055856,0.0,0.0,0.0,0.0,0.0,N2 R3 sample 11_Subt2__0__17-02-35-665.csv,N2
5.0,60.0,109.09,43.64,147.27,1.0,0.4,1.35,0.0,0.0,0.3992842028897372,0.2924672707537855,0.2510481816510453,0.0,0.332714238447516,0.2391746042727468,0.2386586757597365,0.0,0.0,0.0,0.2454372527466466,N2 R3 sample 12_Subt2__0__17-09-01-655.csv,N2
60.0,150.0,97.4,48.7,153.9,1.0,0.5,1.58,0.0,0.3173374662861628,0.0,0.3129170512404456,0.3127267542084693,0.0,0.0,0.0,0.0,0.0,0.0,0.0,0.6411502861738198,N2 R4 sample 1_Subt2__0__19-17-26-976.csv,N2
60.0,150.0,97.4,48.7,153.9,1.0,0.5,1.58,0.0,0.0,0.0,0.0,0.0,0.0,0.0,0.0,0.0,0.0,0.0,0.0,1.0,N2 R4 sample 2_Subt2__0__19-18-33-975.csv,N2
60.0,150.0,95.54,59.24,145.22,1.0,0.62,1.52,0.0,0.3487324882573601,0.0,0.0,0.0,0.0,0.0,0.0,0.0,0.0,0.0,0.0,0.6232687429950192,N2 R4 sample 3_Subt2__0__19-19-58-974.csv,N2
60.0,150.0,95.54,59.24,145.22,1.0,0.62,1.52,0.0,0.0,0.0,0.0,0.0,0.0,0.0,0.0,0.0,0.0,0.0,0.0,0.0,N2 R4 sample 4_Subt2__0__19-20-29-972.csv,N2
60.0,150.0,95.24,66.67,138.1,1.0,0.7,1.45,0.0,0.3606834034706954,0.0,0.3104318067936368,0.3112245481820644,0.3120639281926324,0.0,0.3110124226474797,0.0,0.0,0.0,0.0,0.5939482352780358,N2 R4 sample 5_Subt2__0__19-23-30-468.csv,N2
60.0,150.0,95.24,66.67,138.1,1.0,0.7,1.45,0.0,0.0,0.0,0.0,0.0,0.0,0.0,0.0,0.0,0.0,0.0,0.0,0.0,N2 R4 sample 6_Subt2__0__19-24-56-466.csv,N2
60.0,150.0,100.0,70.0,130.0,1.0,0.7,1.3,0.0,0.0,0.0,0.0,0.0,0.0,0.0,0.0,0.0,0.0,0.0,0.0,0.0,N2 R4 sample 7_Subt2__0__19-25-27-966.csv,N2
60.0,150.0,100.0,70.0,130.0,1.0,0.7,1.3,0.0,0.0,0.0,0.0,0.0,0.0,0.0,0.0,0.0,0.0,0.0,0.0,0.0,N2 R4 sample 8_Subt2__0__19-26-21-464.csv,N2
60.0,150.0,96.77,87.1,116.13,1.0,0.9,1.2,0.0,0.0,0.0,0.0,0.0,0.0,0.0,0.0,0.0,0.0,0.0,0.0,0.0,N2 R4 sample 9_Subt2__0__19-29-16-961.csv,N2
60.0,150.0,96.77,87.1,116.13,1.0,0.9,1.2,0.0,0.0,0.0,0.0,0.0,0.0,0.0,0.0,0.0,0.0,0.0,0.0,0.0,N2 R4 sample 10_Subt2__0__19-30-16-458.csv,N2
60.0,150.0,101.69,76.27,122.03,1.0,0.75,1.2,0.0,0.0,0.0,0.0,0.0,0.0,0.0,0.0,0.0,0.0,0.0,0.0,0.0,N2 R4 sample 11_Subt2__0__19-30-41-958.csv,N2
60.0,150.0,101.69,76.27,122.03,1.0,0.75,1.2,0.0,0.0,0.0,0.0,0.0,0.0,0.0,0.0,0.0,0.0,0.0,0.0,0.0,N2 R4 sample 12_Subt2__0__19-31-24-959.csv,N2
55.0,80.0,83.8,82.12,134.08,1.0,0.98,1.6,0.0,0.2800146379973529,0.2234807198584525,0.1114847872791305,0.1078699382431007,0.1122037418940537,0.1211434495161476,0.1010209042424987,0.0939029566266512,0.1052771599953802,0.1050800727471156,0.1049352198249304,0.1054022058564296,N2 R5 sample 1_Subt2__0__12-33-34-822.csv,N2
55.0,80.0,83.8,82.12,134.08,1.0,0.98,1.6,0.0,0.376387797999272,0.4058717905359941,0.2854276945060302,0.0,0.244821868749053,0.2408017877060935,0.0,0.2263207290203637,0.2257522611268092,0.2255546999647499,0.2252913046124108,0.2283460815125285,N2 R5 sample 2_Subt2__0__12-34-23-321.csv,N2
30.0,80.0,85.23,78.41,136.36,1.0,0.92,1.6,0.0,0.3229640204085033,0.292699037542324,0.1919574145737826,0.1533616201965884,0.0,0.1525009848037503,0.0,0.1533358120221656,0.1531943215722269,0.1691941309345658,0.1690559326981121,0.1636910133693384,N2 R5 sample 3_Subt2__0__12-09-25-361.csv,N2
30.0,80.0,85.23,78.41,136.36,1.0,0.92,1.6,0.0,0.3578903131822092,0.3136409651077539,0.0,0.0,0.1985480238033504,0.1792902790145484,0.1824360134156185,0.1822137875716963,0.1888626490892156,0.0,0.0,0.1922784983469419,N2 R5 sample 4_Subt2__0__12-15-09-848.csv,N2
15.0,80.0,83.33,83.33,133.33,1.0,1.0,1.6,0.0,0.4340034436007156,0.3514470635705156,0.2760200956318639,0.2315148211194983,0.0,0.2677961158248894,0.0,0.0,0.0,0.0,0.2701408339409731,0.2735375380848902,N2 R5 sample 5_Subt2__0__11-59-48-368.csv,N2
15.0,80.0,83.33,83.33,133.33,1.0,1.0,1.6,0.0,0.3561322862958238,0.3147436625791941,0.0,0.2168661947412607,0.1707236426334961,0.1758066347410518,0.0,0.1903191006524407,0.1897849699179815,0.0,0.0,0.2049547458398243,N2 R5 sample 6_Subt2__0__12-00-11-368.csv,N2
15.0,80.0,85.23,78.41,136.36,1.0,0.92,1.6,0.0,0.333196381963021,0.3946095195833578,0.0,0.0,0.0,0.2159316024533794,0.0,0.2054111699769473,0.2101312086909653,0.2099042584920418,0.0,0.2149066224990498,N2 R5 sample 7_Subt2__0__12-01-02-366.csv,N2
15.0,80.0,85.23,78.41,136.36,1.0,0.92,1.6,0.0,0.4089421835093407,0.3175629367757768,0.0,0.2264152431737995,0.2008771955821236,0.2054884180451549,0.2000154953902528,0.2119802862149704,0.2116942443695884,0.0,0.0,0.2130791834492299,N2 R5 sample 8_Subt2__0__12-01-52-365.csv,N2
5.0,80.0,82.87,84.53,132.6,1.0,1.02,1.6,0.0,0.386376427736249,0.2836095392636793,0.1949083456634756,0.1930727703949929,0.0,0.1853663752376165,0.1787714758864978,0.1727338266352888,0.1724517649402543,0.1721019052668473,0.0,0.198394062513747,N2 R5 sample 9_Subt2__0__11-54-47-882.csv,N2
5.0,80.0,82.87,84.53,132.6,1.0,1.02,1.6,0.0,0.4260119776667551,0.3002011307761087,0.0,0.2190457075996744,0.0,0.0,0.1986481267914689,0.2069077110543186,0.2042278355925271,0.1983677675265779,0.1981642726012539,0.20993668808323,N2 R5 sample 10_Subt2__0__11-55-39-874.csv,N2
5.0,80.0,83.8,82.12,134.08,1.0,0.98,1.6,0.0,0.5234868208181426,0.4240302284232062,0.0,0.3084361580774498,0.3088933745573113,0.0,0.309254805445082,0.3117334277488662,0.3091400803824316,0.3090226991054531,0.3098536971474581,0.314429839750284,N2 R5 sample 11_Subt2__0__11-59-11-369.csv,N2
5.0,80.0,83.8,82.12,134.08,1.0,0.98,1.6,0.0,0.4794649174777448,0.3636829266061328,0.0,0.2752576564681349,0.2566234585627957,0.2642958990046898,0.0,0.0,0.0,0.0,0.0,0.0,N2 R5 sample 12_Subt2__0__11-57-06-372.csv,N2
60.0,60.0,109.09,52.36,138.55,1.0,0.48,1.27,0.0,0.0,0.339022396060187,0.0,0.4303655214414248,0.0,0.0,0.0,0.0,0.0,0.0,0.4775698741573151,0.4859532200981449,N2 R5 sample 1_Subt2__0__14-23-50-669.csv,N2
60.0,60.0,109.09,52.36,138.55,1.0,0.48,1.27,0.0,0.2496447640691309,0.0,0.0,0.3625235364294001,0.0,0.3162295215136003,0.0,0.335005505380978,0.3348595191464267,0.3560014939518814,0.3557399850674241,0.3745883948289266,N2 R5 sample 2_Subt2__0__14-25-27-666.csv,N2
40.0,60.0,103.45,72.41,124.14,1.0,0.7,1.2,0.0,0.0,0.0,0.0,0.0,0.0,0.0,0.0,0.0,0.0,0.0,0.0,0.0,N2 R5 sample 3_Subt2__0__14-05-30-194.csv,N2
40.0,60.0,103.45,72.41,124.14,1.0,0.7,1.2,0.0,0.0,0.0,0.0,0.0,0.0,0.0,0.0,0.0,0.0,0.0,0.0,0.0,N2 R5 sample 4_Subt2__0__14-06-09-193.csv,N2
25.0,60.0,101.01,72.73,126.26,1.0,0.72,1.25,0.0,0.0,0.0,0.0,0.0,0.0,0.0,0.0,0.0,0.0,0.0,0.0,0.0,N2 R5 sample 5_Subt2__0__13-51-08-214.csv,N2
25.0,60.0,101.01,72.73,126.26,1.0,0.72,1.25,0.0,0.0,0.0,0.0,0.0,0.0,0.0,0.0,0.0,0.0,0.0,0.0,0.0,N2 R5 sample 6_Subt2__0__13-51-45-713.csv,N2
10.0,60.0,103.45,72.41,124.14,1.0,0.7,1.2,0.0,0.0,0.0,0.0,0.0,0.0,0.0,0.0,0.0,0.0,0.0,0.0,0.0,N2 R5 sample 7_Subt2__0__13-54-37-709.csv,N2
10.0,60.0,103.45,72.41,124.14,1.0,0.7,1.2,0.0,0.0,0.0,0.0,0.0,0.0,0.0,0.0,0.0,0.0,0.0,0.0,0.0,N2 R5 sample 8_Subt2__0__13-53-36-211.csv,N2
5.0,60.0,83.8,82.12,134.08,1.0,0.98,1.6,0.0,0.2836768492245335,0.3882977086854932,0.2867864990444766,0.2266089872946138,0.2073310740010919,0.2006666258251241,0.2002432084785114,0.0,0.0,0.0,0.2256872151015966,0.2287304865810124,N2 R5 sample 9_Subt2__0__13-32-52-245.csv,N2
5.0,60.0,83.8,82.12,134.08,1.0,0.98,1.6,0.0,0.2539401506764522,0.360312486218886,0.0,0.2085080064176888,0.1538825370392182,0.1485493892497796,0.1518575053112653,0.157138041184949,0.0,0.165490250601173,0.1449878566441237,0.1450975928372863,N2 R5 sample 10_Subt2__0__13-33-13-240.csv,N2
5.0,60.0,84.51,80.28,135.21,1.0,0.95,1.6,0.0,0.4743097255013563,0.4176381634355313,0.3231906471842353,0.2814912813129936,0.2811052173633632,0.2817877749106232,0.2813792964568897,0.2809215508316362,0.2812848922255104,0.2806530716641703,0.0,0.2826806010088173,N2 R5 sample 11_Subt2__0__13-34-59-737.csv,N2
5.0,60.0,84.51,80.28,135.21,1.0,0.95,1.6,0.0,0.2952644185052414,0.2634390033859319,0.1710161784648237,0.1489053087813513,0.0,0.1425164173607925,0.0,0.1196556176509857,0.1212684311869898,0.1272552580765313,0.1271351046825452,0.1341600537562882,N2 R5 sample 12_Subt2__0__13-36-27-234.csv,N2
40.0,125.0,81.08,89.19,129.73,1.0,1.1,1.6,0.0,0.2066491126972638,0.322925620244095,0.2942868283465509,0.2110388366539086,0.0,0.1834581650007962,0.1557368589039452,0.1911465381799624,0.190928858866417,0.0,0.0,0.1936763904190014,N2 R7 sample 1_Subt2__0__15-41-57-561.csv,N2
40.0,125.0,81.08,89.19,129.73,1.0,1.1,1.6,0.0,0.2265132095200619,0.3066038542542579,0.3083621676230567,0.0,0.1555602583311288,0.2051737052222983,0.1456233757558072,0.145234044729816,0.1473089920021649,0.1471086854966741,0.1854061005494178,0.1471008003907701,N2 R7 sample 2_Subt2__0__15-42-28-559.csv,N2
20.0,125.0,81.52,89.67,128.8,1.0,1.1,1.58,0.0,0.2368665916030557,0.3751882748791635,0.2417053238115485,0.0,0.2066914979953103,0.1775504197511703,0.0,0.1791349225870703,0.168970842455223,0.1687895226525801,0.0,0.1874866706514612,N2 R7 sample 3_Subt2__0__15-24-52-584.csv,N2
20.0,125.0,81.52,89.67,128.8,1.0,1.1,1.58,0.0,0.2642322556638534,0.4530994290327466,0.2745605161557192,0.2599680184139639,0.0,0.2769107437709547,0.0,0.1985072153987873,0.2649634229948496,0.0,0.0,0.0,N2 R7 sample 4_Subt2__0__15-27-54-080.csv,N2
20.0,125.0,83.8,92.18,124.02,1.0,1.1,1.48,0.0,0.3220937626220329,0.2927389813095979,0.2562655433439449,0.0,0.2463219414782008,0.1426790690425868,0.0,0.196148308779264,0.2061525731264037,0.1740385718219479,0.1738602263003225,0.17896308290747,N2 R7 sample 5_Subt2__0__15-43-51-057.csv,N2
20.0,125.0,83.8,92.18,124.02,1.0,1.1,1.48,0.0,0.3551868027201457,0.3583569664547659,0.3705702164300726,0.0,0.0,0.3266419311983381,0.0,0.3006049046136324,0.1982404741568109,0.0,0.0,0.3166955730700222,N2 R7 sample 6_Subt2__0__15-44-09-557.csv,N2
5.0,125.0,81.08,89.19,129.73,1.0,1.1,1.6,0.0,0.4147082432788089,0.3124645262776443,0.0,0.2245831790366697,0.234638191705648,0.0,0.0,0.214435943313687,0.200380345482486,0.2001821125397705,0.0,0.2093493295314181,N2 R7 sample 7_Subt2__0__15-23-19-584.csv,N2
5.0,125.0,81.08,89.19,129.73,1.0,1.1,1.6,0.0,0.4641039474701524,0.323017371440001,0.2521350115254167,0.0,0.3047923491691541,0.0,0.0,0.0,0.0,0.0,0.2426214445225797,0.2466102246229361,N2 R7 sample 8_Subt2__0__15-22-46-592.csv,N2
5.0,125.0,82.19,86.3,131.51,1.0,1.05,1.6,0.0,0.2635574754869143,0.4090563147499967,0.2524345418171709,0.0,0.1960883653028808,0.1826625904091883,0.1764454365200155,0.1820893998559876,0.1817678975941359,0.0,0.0,0.0,N2 R7 sample 9_Subt2__0__15-20-37-590.csv,N2
5.0,125.0,82.19,86.3,131.51,1.0,1.05,1.6,0.0,0.3195783523159903,0.4645799505630991,0.0,0.0,0.2367958192354573,0.2397801390485895,0.2413048287091609,0.2282757529553898,0.2278509908688389,0.0,0.0,0.0,N2 R7 sample 10_Subt2__0__15-55-08-542.csv,N2
5.0,125.0,85.71,94.29,120.0,1.0,1.1,1.4,0.0,0.3303879620122197,0.2287046618635718,0.1702336241476128,0.0,0.0,0.2267292290195875,0.1861669255054535,0.1613433868764061,0.1612337452159547,0.1646226232555081,0.1578763474246294,0.1859710745096791,N2 R7 sample 11_Subt2__0__15-19-46-590.csv,N2
5.0,125.0,85.71,94.29,120.0,1.0,1.1,1.4,0.0,0.3664180510179508,0.2478590909371033,0.1412605176938567,0.0,0.0,0.1584791282999693,0.1505850062668427,0.1526423542997662,0.1472124235569904,0.1470146500004203,0.1513145587143886,0.1621886097364855,N2 R7 sample 12_Subt2__0__15-17-18-095.csv,N2
60.0,150.0,,,,1.0,0.4,1.45,0.0,0.0,0.0,0.0,0.0,0.0,0.0,0.0,0.0,0.0,0.0,0.0,1.0,N2 R8 sample 1_Subt2__0__17-43-15-392.csv,N2
60.0,150.0,,,,1.0,0.4,1.45,0.0,0.0,0.0,0.0,0.0,0.0,0.0,0.0,0.0,0.0,0.0,0.0,1.0,N2 R8 sample 2_Subt2__0__17-42-29-389.csv,N2
60.0,150.0,,,,1.0,0.42,1.35,0.0,0.0,0.0,0.314590088812504,0.3263706668371267,0.0,0.0,0.0,0.0,0.0,0.0,0.0,0.5946492578192243,N2 R8 sample 3_Subt2__0__17-44-26-890.csv,N2
60.0,150.0,,,,1.0,0.42,1.35,0.0,0.0,0.0,0.0,0.0,0.0,0.0,0.0,0.0,0.0,0.0,0.0,1.0,N2 R8 sample 4_Subt2__0__17-44-48-391.csv,N2
60.0,150.0,,,,1.0,0.4,1.2,0.0,0.0,0.0,0.3132226793377038,0.3236939262991793,0.0,0.0,0.0,0.0,0.0,0.0,0.0,0.5970334262565423,N2 R8 sample 5_Subt2__0__17-45-09-889.csv,N2
60.0,150.0,,,,1.0,0.4,1.2,0.0,0.0,0.0,0.2695560602310082,0.2713174240220343,0.2952747762169097,0.0,0.0,0.0,0.0,0.0,0.0,0.5650640591109565,N2 R8 sample 6_Subt2__0__17-45-26-888.csv,N2
45.0,150.0,,,,1.0,0.4,1.55,0.0,0.0,0.0,0.0,0.0,0.0,0.0,0.0,0.0,0.0,0.0,0.0,1.0,N2 R8 sample 7_Subt2__0__17-34-46-402.csv,N2
45.0,150.0,,,,1.0,0.4,1.55,0.0,0.0,0.0,0.0,0.0,0.3223655942537893,0.351880531382821,0.351880531382821,0.0,0.0,0.0,0.0,0.6463262559187183,N2 R8 sample 8_Subt2__0__17-35-22-903.csv,N2
40.0,150.0,,,,1.0,0.5,1.2,0.0,0.0,0.0,0.3357080056976887,0.3090706338076415,0.0,0.3359847653057856,0.335226636992463,0.0,0.0,0.0,0.0,0.5205410572579366,N2 R8 sample 9_Subt2__0__17-29-11-911.csv,N2
40.0,150.0,,,,1.0,0.5,1.2,0.0,0.2463148707495073,0.2862306460201535,0.2798988789710845,0.0,0.2345221441148242,0.2477987843115749,0.2474141464826582,0.0,0.0,0.0,0.0,0.4469292612881432,N2 R8 sample 10_Subt2__0__17-29-39-912.csv,N2
25.0,150.0,,,,1.0,0.42,1.2,0.0,0.0,0.2396271405929634,0.3544526616610717,0.3217405082268273,0.0,0.2364446738125997,0.1853026821210849,0.2018044399476921,0.0,0.0,0.0,0.2626545341750935,N2 R8 sample 11_Subt2__0__17-09-39-438.csv,N2
25.0,150.0,,,,1.0,0.42,1.2,0.0,0.2090428415180055,0.2620043599649468,0.4147724626896241,0.3182904724633948,0.2597366687257822,0.0,0.0,0.0,0.0,0.0,0.0,0.2451205683700173,N2 R8 sample 12_Subt2__0__17-10-13-937.csv,N2
60.0,60.0,,,,1.0,1.05,1.35,0.0,0.1969200372189714,0.3060416728833686,0.1312218209172583,0.0929002316443566,0.0995455384045568,0.0864588189613536,0.0,0.0973870073434057,0.1037921928711229,0.0952567865659725,0.1027917545858944,0.1425742148352444,N2 R9 sample 1_Subt2__0__19-15-25-764.csv,N2
60.0,60.0,,,,1.0,1.05,1.35,0.0,0.2487190262917733,0.3097896483809254,0.1576138326927977,0.1233801314406468,0.1449348689116308,0.1200618089486632,0.0,0.1201589223632325,0.1322149858511628,0.1162733274536293,0.1237029044601104,0.1167537254355097,N2 R9 sample 2_Subt2__0__19-16-06-262.csv,N2
60.0,60.0,,,,1.0,1.1,1.2,0.0,0.2362645313614073,0.2111637466473503,0.0962556633770838,0.0907270357143345,0.093027354433504,0.0918243683347413,0.1154837702756729,0.1153782308470493,0.0858574238039373,0.1195278127905312,0.1193584082950189,0.1024036896040776,N2 R9 sample 3_Subt2__0__19-16-45-760.csv,N2
60.0,60.0,,,,1.0,1.1,1.2,0.0,0.1964970480573074,0.3069931219998105,0.1463505713377839,0.1240306487971688,0.1195096845329782,0.114097140988459,0.1077678118882653,0.1134184630512801,0.1114785191140922,0.1112699064852206,0.1418105749369427,0.1443265612758397,N2 R9 sample 4_Subt2__0__19-17-21-762.csv,N2
30.0,60.0,,,,1.0,0.95,1.55,0.0,0.2359562205910601,0.2114965807760838,0.1566272087888299,0.07420501132889,0.0923456453855158,0.0747005374778574,0.0800132239644465,0.0740256792053391,0.0738758895051269,0.0727404491654077,0.0640702398277459,0.0905702771907257,N2 R9 sample 5_Subt2__0__18-47-13-303.csv,N2
30.0,60.0,,,,1.0,0.95,1.55,0.0,0.2072137154828775,0.2958146891890948,0.1703015794921431,0.1382353664331598,0.0969020518003443,0.1058965561993822,0.0928112319733319,0.0927054522257631,0.0863137961007664,0.1012679149654171,0.1010995843719969,0.0977614406624849,N2 R9 sample 6_Subt2__0__18-48-11-802.csv,N2
25.0,60.0,,,,1.0,0.98,1.58,0.0,0.3229363482261423,0.2910195866099822,0.1957988417191078,0.0,0.1467225508193513,0.1783666367907952,0.143486760995654,0.1506585662032936,0.1504827047367365,0.159571205098993,0.1594208557732733,0.1620357919595063,N2 R9 sample 7_Subt2__0__18-46-24-804.csv,N2
25.0,60.0,,,,1.0,0.98,1.58,0.0,0.3058919216776802,0.3644447593683208,0.0,0.2220555814597508,0.1726308479422243,0.1713083665828991,0.1826214458202002,0.1943280781935047,0.1941046618611721,0.1865218450747717,0.0,0.2068517268571118,N2 R9 sample 8_Subt2__0__18-45-55-804.csv,N2
20.0,60.0,,,,1.0,0.95,1.6,0.0,0.3146505974630371,0.2998832222174503,0.214613376656621,0.1672631385520838,0.1588086431823916,0.1518387216659178,0.0,0.0,0.1442577176444705,0.1418598969011624,0.1417041184956621,0.1510286811961013,N2 R9 sample 9_Subt2__0__18-41-15-811.csv,N2
20.0,60.0,,,,1.0,0.95,1.6,0.0,0.4194082097210816,0.4722868232879859,0.0,0.325170099221269,0.2810406788725579,0.2813847902615489,0.2815550992483519,0.2813960135506539,0.2815835112375365,0.2814001576190135,0.2811745184217843,0.2834259653521077,N2 R9 sample 10_Subt2__0__18-42-53-309.csv,N2
15.0,60.0,,,,1.0,0.98,1.6,0.0,0.3611354326888105,0.364125763705972,0.2603474858395257,0.2396452031775126,0.2103517121120551,0.2006643061106129,0.1977045896659454,0.2106682374883519,0.1988225174541017,0.1986582949899237,0.1993562026473728,0.1997099240186252,N2 R9 sample 11_Subt2__0__18-39-10-314.csv,N2
15.0,60.0,,,,1.0,0.98,1.6,0.0,0.387375994058626,0.3393810706370892,0.2641904807701483,0.0,0.2169113970302374,0.1984759947456862,0.2133075118534672,0.2007934791958482,0.2005357899297757,0.0,0.2206457132750129,0.2236586022516466,N2 R9 sample 12_Subt2__0__18-39-33-813.csv,N2
35.0,65.0,81.97,80.33,137.7,1.0,0.98,1.68,0.0,0.4516296031922637,0.3311989267728127,0.0,0.2718983629420354,0.0,0.2327828790544901,0.2722497320706387,0.2307807444031269,0.2305260536680679,0.0,0.0,0.2313635575812718,N2 R10 sample 1_Subt2__0__13-28-42-247.csv,N2
35.0,65.0,81.97,80.33,137.7,1.0,0.98,1.68,0.0,0.3829319781211716,0.288416504143384,0.0,0.0,0.2493038252537258,0.2031666458073781,0.0,0.1923886341825587,0.187449244097233,0.0,0.0,0.1891372644276912,N2 R10 sample 2_Subt2__0__13-30-02-748.csv,N2
25.0,65.0,80.65,102.42,116.94,1.0,1.27,1.45,0.0,0.5762925338116147,0.4421210806693882,0.0,0.0,0.0,0.0,0.0,0.0,0.0,0.0,0.0,0.0,N2 R10 sample 3_Subt2__0__13-22-59-759.csv,N2
25.0,65.0,80.65,102.42,116.94,1.0,1.27,1.45,0.2646788370839282,0.4987939161480401,0.3531413516313164,0.2693349825956175,0.0,0.0,0.0,0.0,0.0,0.0,0.0,0.0,0.0,N2 R10 sample 4_Subt2__0__13-23-28-757.csv,N2
20.0,65.0,81.08,82.7,136.22,1.0,1.02,1.68,0.0,0.5117851177032167,0.3318557826936533,0.0,0.2712856822736605,0.2859019571831366,0.2555947800581293,0.0,0.0,0.0,0.0,0.0,0.0,N2 R10 sample 5_Subt2__0__13-18-44-763.csv,N2
20.0,65.0,81.08,82.7,136.22,1.0,1.02,1.68,0.0,0.3975455119126636,0.2734060859724112,0.0,0.1941063037715152,0.1792464909054134,0.1840136761416205,0.1763437628073426,0.1760880536751455,0.1869133578663353,0.1866919947783073,0.0,0.1734048899422633,N2 R10 sample 6_Subt2__0__13-19-31-262.csv,N2
20.0,65.0,83.33,76.67,140.0,1.0,0.92,1.68,0.0,0.3865124106542025,0.283562479233545,0.0,0.2197398010405019,0.0,0.2237081470911605,0.1931636823788141,0.1931636823788141,0.1800031075098994,0.1797564390915447,0.1795522406286535,0.1733864133967234,N2 R10 sample 7_Subt2__0__13-22-12-258.csv,N2
20.0,65.0,83.33,76.67,140.0,1.0,0.92,1.68,0.0,0.3509436656465827,0.3188643758244659,0.0,0.2043313869521679,0.1887923666153761,0.1862439613188642,0.1862709702906628,0.1862031489566834,0.1792530720365096,0.1735120725672009,0.169781700260824,0.1740615540629964,N2 R10 sample 8_Subt2__0__13-20-22-753.csv,N2
15.0,65.0,80.0,88.0,132.0,1.0,1.1,1.65,0.0,0.35858146648444,0.5515605104095337,0.0,0.0,0.0,0.3299528415936658,0.0,0.0,0.0,0.0,0.0,0.0,N2 R10 sample 9_Subt2__0__13-10-13-775.csv,N2
15.0,65.0,80.0,88.0,132.0,1.0,1.1,1.65,0.0,0.3874756161848473,0.4598058163636725,0.0,0.3338361049826602,0.0,0.2667012209384692,0.2660208630847198,0.0,0.0,0.0,0.0,0.0,N2 R10 sample 10_Subt2__0__13-15-51-267.csv,N2
10.0,65.0,83.33,98.33,118.33,1.0,1.18,1.42,0.0,0.6040753220948015,0.4144119488045534,0.0,0.0,0.0,0.0,0.0,0.0,0.0,0.0,0.0,0.0,N2 R10 sample 11_Subt2__0__13-08-35-282.csv,N2
10.0,65.0,83.33,98.33,118.33,1.0,1.18,1.42,0.0,0.637095773742958,0.379812999900621,0.0,0.0,0.0,0.0,0.0,0.0,0.0,0.0,0.0,0.0,N2 R10 sample 12_Subt2__0__13-08-13-778.csv,N2
25.0,70.0,77.52,96.9,125.58,1.0,1.25,1.62,0.0,0.6113844359976874,0.0,0.0,0.0,0.0,0.3568596267624633,0.0,0.0,0.0,0.0,0.0,0.0,N2 R11 sample 1_Subt2__0__14-45-37-143.csv,N2
25.0,70.0,77.52,96.9,125.58,1.0,1.25,1.62,0.0,0.6135800638263909,0.0,0.0,0.0,0.0,0.3542482072437281,0.0,0.0,0.0,0.0,0.0,0.0,N2 R11 sample 2_Subt2__0__14-43-47-146.csv,N2
20.0,70.0,80.0,96.0,124.0,1.0,1.2,1.55,0.0,0.6045455002681266,0.4139585071201352,0.0,0.0,0.0,0.0,0.0,0.0,0.0,0.0,0.0,0.0,N2 R11 sample 3_Subt2__0__14-41-51-150.csv,N2
20.0,70.0,80.0,96.0,124.0,1.0,1.2,1.55,0.0,0.5068968918737949,0.0,0.3281807892424888,0.0,0.0,0.3977142513472571,0.0,0.0,0.0,0.0,0.0,0.0,N2 R11 sample 4_Subt2__0__14-41-34-649.csv,N2
20.0,70.0,82.19,94.52,123.29,1.0,1.15,1.5,0.0,0.0,0.0,0.0,0.0,0.0,0.0,0.0,0.0,0.0,0.0,0.0,0.0,N2 R11 sample 5_Subt2__0__14-38-41-652.csv,N2
20.0,70.0,82.19,94.52,123.29,1.0,1.15,1.5,0.0,0.4099492573974712,0.5002648930425445,0.0,0.0,0.0,0.3050840657498737,0.0,0.0,0.0,0.0,0.0,0.0,N2 R11 sample 6_Subt2__0__14-39-45-151.csv,N2
20.0,70.0,82.64,97.52,119.83,1.0,1.18,1.45,0.0,0.5803634486371826,0.4381357705036737,0.0,0.0,0.0,0.0,0.0,0.0,0.0,0.0,0.0,0.0,N2 R11 sample 7_Subt2__0__14-37-05-655.csv,N2
20.0,70.0,82.64,97.52,119.83,1.0,1.18,1.45,0.0,0.5990728842037708,0.4194376845879293,0.0,0.0,0.0,0.0,0.0,0.0,0.0,0.0,0.0,0.0,N2 R11 sample 8_Subt2__0__14-36-44-656.csv,N2
20.0,70.0,84.03,94.12,121.85,1.0,1.12,1.45,0.0,0.5071347767148903,0.334659019695922,0.2974700735599553,0.2569369068657001,0.2557047288262792,0.2658408755579198,0.2651301691450549,0.0,0.0,0.0,0.0,0.0,N2 R11 sample 9_Subt2__0__14-35-06-655.csv,N2
20.0,70.0,84.03,94.12,121.85,1.0,1.12,1.45,0.4943893280618834,0.4217651568074041,0.3409961750666148,0.0,0.0,0.0,0.0,0.0,0.0,0.0,0.0,0.0,0.0,N2 R11 sample 10_Subt2__0__14-34-41-157.csv,N2
15.0,70.0,83.33,100.0,116.67,1.0,1.2,1.4,0.2902384480009358,0.5244909281928668,0.3270056527401465,0.2712983824519946,0.0,0.0,0.0,0.0,0.0,0.0,0.0,0.0,0.0,N2 R11 sample 11_Subt2__0__14-33-28-160.csv,N2
15.0,70.0,83.33,100.0,116.67,1.0,1.2,1.4,0.0,0.5372875882966887,0.366660739021136,0.0,0.3029972026337432,0.2868657570303332,0.0,0.0,0.0,0.0,0.0,0.0,0.0,N2 R11 sample 12_Subt2__0__14-32-46-161.csv,N2
30.0,85.0,76.34,95.42,128.24,1.0,1.25,1.68,0.0,0.4357319638044419,0.3049857175251796,0.2561836001081456,0.3047926504834921,0.0,0.3514980625771269,0.350839326650926,0.0,0.0,0.0,0.0,0.0,N2 R11 sample 1_Subt2__0__16-04-13-534.csv,N2
30.0,85.0,76.34,95.42,128.24,1.0,1.25,1.68,0.0,0.3180017020490027,0.3540064462567907,0.2901575210988578,0.2422163904154829,0.0,0.3142871536607852,0.0,0.0,0.0,0.197448626771048,0.1973406941204399,0.1910052645346529,N2 R11 sample 2_Subt2__0__16-05-58-031.csv,N2
30.0,85.0,76.53,99.49,123.98,1.0,1.3,1.62,0.0,0.3866777711201305,0.3163816681111039,0.30470221979724,0.3539500305234568,0.0,0.4005098607259225,0.3999071914823139,0.0,0.0,0.0,0.0,0.0,N2 R11 sample 3_Subt2__0__16-06-11-521.csv,N2
30.0,85.0,76.53,99.49,123.98,1.0,1.3,1.62,0.0,0.4235999130506824,0.2634656720564752,0.2215569958026804,0.2630998240217783,0.0,0.3059992356965713,0.0,0.0,0.0,0.0,0.2301614806489884,0.2336719412664076,N2 R11 sample 4_Subt2__0__16-06-29-522.csv,N2
25.0,85.0,75.95,93.42,130.63,1.0,1.23,1.72,0.0,0.3933361171965133,0.2788988055521627,0.245650023832176,0.2942435088574629,0.0,0.3362735074133147,0.0,0.0,0.0,0.0,0.2465873012492654,0.2500830095807209,N2 R11 sample 5_Subt2__0__16-01-00-038.csv,N2
25.0,85.0,75.95,93.42,130.63,1.0,1.23,1.72,0.0,0.4431858567983097,0.2687849907136554,0.2390765441792102,0.2230892480810913,0.0,0.2863554717701802,0.0,0.0,0.0,0.0,0.0,0.2191181326768112,N2 R11 sample 6_Subt2__0__16-01-22-038.csv,N2
25.0,85.0,74.63,105.97,119.4,1.0,1.42,1.6,0.3209719777027615,0.5827824817936019,0.0,0.0,0.0,0.0,0.2922264812228371,0.0,0.0,0.0,0.0,0.0,0.0,N2 R11 sample 7_Subt2__0__16-01-55-537.csv,N2
25.0,85.0,74.63,105.97,119.4,1.0,1.42,1.6,0.0,0.3942865683678244,0.22112892918687,0.1985482319154414,0.2087027861137653,0.0,0.2215952666101327,0.0,0.0,0.1716133674447115,0.1614163602661166,0.1612781630375016,0.1554658202526775,N2 R11 sample 8_Subt2__0__16-02-32-530.csv,N2
25.0,85.0,78.33,96.34,125.33,1.0,1.23,1.6,0.0,0.4537961877597078,0.3341195855567009,0.2801038806201123,0.3104869742243119,0.0,0.3333936560843881,0.3327962256420986,0.0,0.0,0.0,0.0,0.0,N2 R11 sample 9_Subt2__0__16-03-34-036.csv,N2
25.0,85.0,78.33,96.34,125.33,1.0,1.23,1.6,0.0,0.4083995984786062,0.2070528874929622,0.1989008168163245,0.2132140378791083,0.0,0.2648660160005238,0.0,0.0,0.2302441841643545,0.1834185034035842,0.1832291068112324,0.0,N2 R11 sample 10_Subt2__0__16-03-59-534.csv,N2
10.0,85.0,78.33,108.09,113.58,1.0,1.38,1.45,0.3796532593425208,0.5366060020754622,0.3573374182025059,0.0,0.0,0.0,0.0,0.0,0.0,0.0,0.0,0.0,0.0,N2 R11 sample 11_Subt2__0__15-49-34-055.csv,N2
10.0,85.0,78.33,108.09,113.58,1.0,1.38,1.45,0.3169449287840852,0.5776940298933342,0.0,0.0,0.0,0.0,0.2955639066381306,0.282256715014397,0.2862741856639372,0.0,0.0,0.0,0.0,N2 R11 sample 12_Subt2__0__15-49-08-055.csv,N2
25.0,60.0,75.95,94.94,129.11,1.0,1.25,1.7,0.0,0.5497690190018455,0.3604957398103511,0.0,0.0,0.0,0.3133174279775091,0.0,0.0,0.0,0.0,0.0,0.0,N2 R13 sample 1_Subt2__0__12-15-30-764.csv,N2
25.0,60.0,75.95,94.94,129.11,1.0,1.25,1.7,0.0,0.4169852703719875,0.4793462388745017,0.0,0.0,0.0,0.3516039430544875,0.0,0.0,0.2857786645636618,0.2827232081332551,0.2824681930698498,0.0,N2 R13 sample 2_Subt2__0__12-15-57-763.csv,N2
25.0,60.0,73.71,104.67,121.62,1.0,1.42,1.65,0.0,0.6007712874552825,0.0,0.0,0.0,0.0,0.3674808136410993,0.0,0.0,0.0,0.0,0.0,0.0,N2 R13 sample 3_Subt2__0__12-17-10-254.csv,N2
25.0,60.0,73.71,104.67,121.62,1.0,1.42,1.65,0.0,0.6178762920271944,0.0,0.0,0.0,0.0,0.3360471858491943,0.0,0.0,0.3138759606047043,0.3135759276742101,0.3129184415802934,0.0,N2 R13 sample 4_Subt2__0__12-17-29-761.csv,N2
25.0,60.0,76.53,97.19,126.28,1.0,1.27,1.65,0.0,0.6339199825959908,0.0,0.0,0.0,0.0,0.3343116231176786,0.0,0.0,0.0,0.0,0.0,0.0,N2 R13 sample 5_Subt2__0__12-19-05-759.csv,N2
25.0,60.0,76.53,97.19,126.28,1.0,1.27,1.65,0.0,0.3223798297747799,0.2923945903118818,0.0,0.2094551240145055,0.1745623847475848,0.1822414589105356,0.154201225158916,0.1540495507481674,0.1480578344207441,0.1446526184509189,0.1444663584470482,0.1546579388103325,N2 R13 sample 6_Subt2__0__12-19-49-259.csv,N2
25.0,60.0,77.92,97.4,124.68,1.0,1.25,1.6,0.0,0.4503805223154906,0.3907619146452893,0.0,0.0,0.34596817665359,0.0,0.0,0.2605458417589237,0.2603462672573191,0.2592525807842956,0.2590227147589286,0.0,N2 R13 sample 7_Subt2__0__12-20-18-258.csv,N2
25.0,60.0,77.92,97.4,124.68,1.0,1.25,1.6,0.0,0.4620790783795424,0.4480331255112871,0.0,0.0,0.0,0.3387870831557715,0.0,0.0,0.0,0.0,0.0,0.0,N2 R13 sample 8_Subt2__0__12-20-46-257.csv,N2
20.0,60.0,79.37,97.62,123.02,1.0,1.23,1.55,0.0,0.4271427807147724,0.4159794042212344,0.0,0.3671045942742095,0.2566579043566664,0.3082853058821981,0.3074667282721861,0.0,0.0,0.0,0.0,0.0,N2 R13 sample 9_Subt2__0__12-11-44-767.csv,N2
20.0,60.0,79.37,97.62,123.02,1.0,1.23,1.55,0.0,0.3437084727689228,0.4918040185495603,0.0,0.3578274771073919,0.0,0.3282238109645672,0.3275400515513043,0.0,0.0,0.0,0.0,0.0,N2 R13 sample 10_Subt2__0__12-12-00-769.csv,N2
10.0,60.0,78.12,110.94,110.94,1.0,1.42,1.42,0.0,1.0,0.0,0.0,0.0,0.0,0.0,0.0,0.0,0.0,0.0,0.0,0.0,N2 R13 sample 11_Subt2__0__12-03-19-281.csv,N2
10.0,60.0,78.12,110.94,110.94,1.0,1.42,1.42,0.0,0.5772854344079801,0.4412112049628282,0.0,0.0,0.0,0.0,0.0,0.0,0.0,0.0,0.0,0.0,N2 R13 sample 12_Subt2__0__12-04-23-779.csv,N2
25.0,70.0,78.33,92.43,129.24,1.0,1.18,1.65,0.0,0.515839595072649,0.3239170810473806,0.0,0.0,0.0,0.3278319925486335,0.0,0.0,0.0,0.0,0.2680870171628919,0.2733306031904697,N2 R14 sample 1_Subt2__0__14-26-35-583.csv,N2
25.0,70.0,78.33,92.43,129.24,1.0,1.18,1.65,0.0,0.5231629760029869,0.3591311186249187,0.0,0.0,0.0,0.3819292145459873,0.0,0.0,0.0,0.0,0.0,0.0,N2 R14 sample 2_Subt2__0__14-27-18-585.csv,N2
20.0,70.0,75.0,101.25,123.75,1.0,1.35,1.65,0.0,0.6413254817402195,0.0,0.0,0.0,0.0,0.3268870231200111,0.0,0.0,0.0,0.0,0.0,0.0,N2 R14 sample 3_Subt2__0__14-28-00-584.csv,N2
20.0,70.0,75.0,101.25,123.75,1.0,1.35,1.65,0.0,0.5487828028521864,0.3617109561952803,0.0,0.0,0.0,0.3074462703227057,0.0,0.0,0.0,0.0,0.0,0.0,N2 R14 sample 4_Subt2__0__14-28-36-584.csv,N2
20.0,70.0,77.52,96.9,125.58,1.0,1.25,1.62,0.0,1.0,0.0,0.0,0.0,0.0,0.0,0.0,0.0,0.0,0.0,0.0,0.0,N2 R14 sample 5_Subt2__0__14-23-46-091.csv,N2
20.0,70.0,77.52,96.9,125.58,1.0,1.25,1.62,0.0,0.6371842957530085,0.0,0.0,0.0,0.0,0.3308375576036282,0.0,0.0,0.0,0.0,0.0,0.0,N2 R14 sample 6_Subt2__0__14-25-12-089.csv,N2
20.0,70.0,75.57,114.86,109.57,1.0,1.52,1.45,0.5422962729599247,0.4089503140803951,0.0,0.0,0.3117818580916086,0.3108447357850977,0.3099108867439024,0.0,0.0,0.0,0.0,0.0,0.0,N2 R14 sample 7_Subt2__0__14-23-03-091.csv,N2
20.0,70.0,75.57,114.86,109.57,1.0,1.52,1.45,0.6178850220783322,0.3816895049625793,0.0,0.0,0.0,0.0,0.0,0.0,0.0,0.0,0.0,0.0,0.0,N2 R14 sample 8_Subt2__0__14-22-42-091.csv,N2
15.0,70.0,78.95,104.21,116.84,1.0,1.32,1.48,0.0841828292481382,0.2853350884607579,0.2171211049034406,0.1553537517143082,0.1301985392756746,0.1084027116654672,0.1016059133170859,0.0917459247114882,0.0927508682248371,0.0894159449189763,0.089307837052681,0.090422264280867,0.0978263555445049,N2 R14 sample 9_Subt2__0__14-18-50-096.csv,N2
15.0,70.0,78.95,104.21,116.84,1.0,1.32,1.48,0.3548700282779682,0.4930847479530349,0.3213166464303388,0.2730856806231146,0.0,0.0,0.0,0.0,0.0,0.0,0.0,0.0,0.0,N2 R14 sample 10_Subt2__0__14-19-13-085.csv,N2
15.0,70.0,77.92,109.09,112.99,1.0,1.4,1.45,0.0,0.5953171736106021,0.4231871140967155,0.0,0.0,0.0,0.0,0.0,0.0,0.0,0.0,0.0,0.0,N2 R14 sample 11_Subt2__0__14-19-57-095.csv,N2
15.0,70.0,77.92,109.09,112.99,1.0,1.4,1.45,0.3491483065479703,0.648488413258122,0.0,0.0,0.0,0.0,0.0,0.0,0.0,0.0,0.0,0.0,0.0,N2 R14 sample 12_Subt2__0__14-20-35-094.csv,N2
25.0,70.0,73.17,102.44,124.39,1.0,1.4,1.7,0.0,0.627029552440562,0.0,0.0,0.0,0.0,0.3411441870126404,0.0,0.0,0.0,0.0,0.0,0.0,N2 R15 sample 1_Subt2__00__15-36-35-491.csv,N2
25.0,70.0,73.17,102.44,124.39,1.0,1.4,1.7,0.0,0.6142653639113888,0.0,0.0,0.0,0.0,0.3538579947815247,0.0,0.0,0.0,0.0,0.0,0.0,N2 R15 sample 2_Subt2__00__15-35-57-492.csv,N2
25.0,70.0,75.76,104.55,119.7,1.0,1.38,1.58,0.352873701161349,0.5614180716089269,0.3560998728432558,0.0,0.0,0.0,0.0,0.0,0.0,0.0,0.0,0.0,0.0,N2 R15 sample 3_Subt2__0__15-34-34-493.csv,N2
25.0,70.0,75.76,104.55,119.7,1.0,1.38,1.58,0.0,1.0,0.0,0.0,0.0,0.0,0.0,0.0,0.0,0.0,0.0,0.0,0.0,N2 R15 sample 4_Subt2__0__15-34-51-493.csv,N2
10.0,70.0,77.52,104.65,117.83,1.0,1.35,1.52,0.4108439760180341,0.5878184219226282,0.0,0.0,0.0,0.0,0.0,0.0,0.0,0.0,0.0,0.0,0.0,N2 R15 sample 5_Subt2__0__15-23-20-509.csv,N2
10.0,70.0,77.52,104.65,117.83,1.0,1.35,1.52,0.3095575099204512,0.5515532742063287,0.3659117796331629,0.0,0.0,0.0,0.0,0.0,0.0,0.0,0.0,0.0,0.0,N2 R15 sample 6_Subt2__0__15-23-43-007.csv,N2
10.0,70.0,79.58,107.43,113.0,1.0,1.35,1.42,0.0,0.5325742709158058,0.3825114538792807,0.0,0.3023249326992386,0.0,0.0,0.0,0.0,0.0,0.0,0.0,0.0,N2 R15 sample 7_Subt2__0__15-24-07-008.csv,N2
10.0,70.0,79.58,107.43,113.0,1.0,1.35,1.42,0.0,0.5891268046703396,0.4293758164161237,0.0,0.0,0.0,0.0,0.0,0.0,0.0,0.0,0.0,0.0,N2 R15 sample 8_Subt2__0__15-24-22-507.csv,N2
10.0,70.0,80.43,110.99,108.58,1.0,1.38,1.35,0.1298536877469256,0.288518149371989,0.2143509131742731,0.1777896882645204,0.1450721339550719,0.1189814940208713,0.1027060291054322,0.0955251453637994,0.0953924912662852,0.0854861120924167,0.085386445442352,0.091729559098299,0.0892036455106883,N2 R15 sample 9_Subt2__0__15-24-51-507.csv,N2
10.0,70.0,80.43,110.99,108.58,1.0,1.38,1.35,0.0,0.3906523589312384,0.280374722242373,0.2081215375264045,0.2369069287520749,0.0,0.2127681092623303,0.0,0.0,0.1879951554705631,0.1878850122253837,0.1741048686016716,0.1924024257251599,N2 R15 sample 10_Subt2__0__15-25-10-499.csv,N2
5.0,70.0,79.58,105.04,115.38,1.0,1.32,1.45,0.0,0.6002041809471547,0.4183078390791869,0.0,0.0,0.0,0.0,0.0,0.0,0.0,0.0,0.0,0.0,N2 R15 sample 11_Subt2__0__15-19-07-015.csv,N2
5.0,70.0,79.58,105.04,115.38,1.0,1.32,1.45,0.0,0.5962266225422694,0.422269467964158,0.0,0.0,0.0,0.0,0.0,0.0,0.0,0.0,0.0,0.0,N2 R15 sample 12_Subt2__0__15-19-54-013.csv,N2
60.0,150.0,,,,1.0,0.4,1.6,0.0,0.0,0.0,0.3274141070760003,0.0,0.0,0.0,0.0,0.0,0.0,0.0,0.0,0.6638262159378779,N3 R1 sample 1_Subt2__0__16-09-41-995.csv,N3
60.0,150.0,,,,1.0,0.4,1.6,0.0,0.0,0.0,0.3303177324942588,0.0,0.0,0.0,0.0,0.0,0.0,0.0,0.0,0.6617233310699124,N3 R1 sample 2_Subt2__0__16-11-28-492.csv,N3
35.0,150.0,,,,1.0,0.88,1.6,0.0,0.0,0.4112499911223032,0.0,0.0,0.2720293283352343,0.0,0.3473918456237539,0.3473918456237539,0.3563503350665045,0.3557945872314147,0.3779629067445434,0.0,N3 R1 sample 3_Subt2__0__15-36-44-539.csv,N3
35.0,150.0,,,,1.0,0.88,1.6,0.0,0.2864296509272766,0.3280782357485991,0.0,0.1942293016003178,0.0,0.2034505480170318,0.1467822149672654,0.1467822149672654,0.1665047175137343,0.1810103116609011,0.1552053172376802,0.1959398768099227,N3 R1 sample 4_Subt2__0__15-37-08-038.csv,N3
5.0,150.0,,,,1.0,0.62,1.6,0.0,0.0,0.4440064324056529,0.3721307702507883,0.0,0.0,0.0,0.4037117437219302,0.3772182579942473,0.3765339537280691,0.0,0.0,0.0,N3 R1 sample 5_Subt2__0__15-08-07-074.csv,N3
5.0,150.0,,,,1.0,0.62,1.6,0.0,0.0,0.4275992693891041,0.3611760261902353,0.0,0.2932909727090689,0.0,0.0,0.269911053304918,0.269591724469977,0.2447705028328853,0.2444206503766991,0.0,N3 R1 sample 6_Subt2__0__15-08-32-077.csv,N3
5.0,150.0,,,,1.0,0.4,1.6,0.0,0.0,0.2541052226281081,0.3020728347632112,0.0,0.0,0.0,0.0,0.4146601093166664,0.4146601093166664,0.4328123335686099,0.3829817498117957,0.0,N3 R1 sample 7_Subt2__0__15-09-09-077.csv,N3
5.0,150.0,,,,1.0,0.4,1.6,0.0,0.1374315642448723,0.2347813598390983,0.3023121929955136,0.2566319295537758,0.0,0.2593541276019735,0.0,0.2073759719764557,0.2072939263679202,0.2292839811354272,0.1289882349044452,0.1768142448850449,N3 R1 sample 8_Subt2__0__15-09-48-075.csv,N3
5.0,150.0,,,,1.0,0.4,1.45,0.0,0.0,0.26957244799305,0.3454197056950839,0.2833059731938808,0.0,0.0,0.0,0.3667388088205354,0.4231896312239954,0.0,0.0,0.0,N3 R1 sample 9_Subt2__0__15-10-12-075.csv,N3
5.0,150.0,,,,1.0,0.4,1.45,0.0,0.2543693235252756,0.3060893890107801,0.5056717221733875,0.0,0.0,0.0,0.3386999804047133,0.3384483850981739,0.3358658466326051,0.0,0.0,0.0,N3 R1 sample 10_Subt2__0__15-14-13-070.csv,N3
5.0,150.0,,,,1.0,1.1,1.2,0.5781101627769133,0.3364477692920695,0.2972849198651532,0.0,0.0,0.0,0.0,0.0,0.0,0.0,0.0,0.0,0.0,N3 R1 sample 11_Subt2__0__15-11-09-073.csv,N3
5.0,150.0,,,,1.0,1.1,1.2,0.6208313384303585,0.379189870932296,0.0,0.0,0.0,0.0,0.0,0.0,0.0,0.0,0.0,0.0,0.0,N3 R1 sample 12_Subt2__0__15-11-28-573.csv,N3
5.0,150.0,,,,1.0,0.8,1.6,0.0,0.0,0.5273357993706747,0.0,0.0,0.3039656046643629,0.0,0.2841393624152742,0.2836255625716346,0.3200179263656137,0.3192551251689916,0.3187137283254694,0.0,N3 R2 sample 1_Subt2__0__10-11-32-391.csv,N3
5.0,150.0,,,,1.0,0.8,1.6,0.0,0.0,0.5812805063560887,0.0,0.0,0.0,0.0,0.3171586701874919,0.3222895170621871,0.3218599828594853,0.0,0.0,0.2950633532548595,N3 R2 sample 2_Subt2__0__10-11-54-390.csv,N3
5.0,150.0,,,,1.0,0.78,1.6,0.0,0.0,0.5303650213497024,0.365599687468232,0.0,0.0,0.0,0.0,0.3489213921709314,0.2843139750733734,0.2841565293097542,0.28382171421999,0.2932759686469882,N3 R2 sample 3_Subt2__0__10-13-19-388.csv,N3
5.0,150.0,,,,1.0,0.78,1.6,0.0,0.0,0.4586548767563111,0.3874748523314391,0.0,0.0,0.0,0.0,0.4439088109706479,0.2898885267352261,0.2893574305130132,0.0,0.0,N3 R2 sample 4_Subt2__0__10-12-51-389.csv,N3
5.0,150.0,,,,1.0,0.72,1.5,0.0,0.2706475159719105,0.5015445338309364,0.0,0.0,0.0,0.0,0.0,0.2702848620572077,0.3431615030302877,0.0,0.0,0.0,N3 R2 sample 5_Subt2__0__10-15-22-385.csv,N3
5.0,150.0,,,,1.0,0.72,1.5,0.0,0.0,0.5064646244605276,0.3966629147531333,0.0,0.0,0.0,0.2902477059407061,0.2898870593339183,0.3556032155154103,0.0,0.0,0.0,N3 R2 sample 6_Subt2__0__10-14-57-885.csv,N3
5.0,150.0,,,,1.0,0.62,1.45,0.0,0.0,0.27574169832971,0.3207366178364585,0.0,0.0,0.3352707014776148,0.0,0.3280779052231871,0.3802571448918427,0.3541671609079862,0.3536877027239176,0.0,N3 R2 sample 7_Subt2__0__10-16-05-376.csv,N3
5.0,150.0,,,,1.0,0.62,1.45,0.0,0.0,0.4023005230753178,0.3754703067936242,0.0,0.0,0.0,0.400212528156213,0.4451544585753808,0.4444047219448555,0.0,0.0,0.0,N3 R2 sample 8_Subt2__0__10-17-00-882.csv,N3
5.0,150.0,,,,1.0,0.65,1.2,0.2219704247478637,0.3200841105298304,0.3391556058943104,0.3938293284999838,0.3008221796842535,0.2719578578406293,0.0,0.0,0.0,0.0,0.0,0.0,0.0,N3 R2 sample 9_Subt2__0__10-18-25-379.csv,N3
5.0,150.0,,,,1.0,0.65,1.2,0.0,0.3401786486347691,0.3549292112634117,0.4398070348472429,0.3470861904868268,0.2874316478854531,0.0,0.0,0.0,0.0,0.0,0.0,0.0,N3 R2 sample 10_Subt2__0__10-18-59-379.csv,N3
5.0,150.0,,,,1.0,0.4,1.2,0.0,0.0,0.2979565863245069,0.379948509639343,0.3173943592932912,0.0,0.0,0.0,0.2410197635317848,0.2796806714513909,0.3525319723376784,0.0,0.0,N3 R2 sample 11_Subt2__0__10-19-39-378.csv,N3
5.0,150.0,,,,1.0,0.4,1.2,0.0,0.2194094851472574,0.2788981640892638,0.3755854061136888,0.3580914572591298,0.3266767288967799,0.0,0.0,0.0,0.0,0.0,0.2223984769943777,0.2257965077162696,N3 R2 sample 12_Subt2__0__10-20-28-377.csv,N3
30.0,150.0,,,,1.0,0.75,1.6,0.0,0.0,0.3094163659394485,0.2644560490692152,0.0,0.2725501792749313,0.0,0.0,0.3112105775755502,0.3108727670579194,0.4786719266711355,0.4783033846186475,0.0,N3 R3 sample 1_Subt2__0__11-22-25-293.csv,N3
30.0,150.0,,,,1.0,0.75,1.6,0.0,0.0,0.2854204049185215,0.2438797030580016,0.0,0.0,0.3106132085033093,0.0,0.2651224003362174,0.2649506690345559,0.3099691838154817,0.4234835517019192,0.0,N3 R3 sample 2_Subt2__0__11-22-56-793.csv,N3
5.0,150.0,,,,1.0,0.78,1.6,0.0,0.0,1.0,0.0,0.0,0.0,0.0,0.0,0.0,0.0,0.0,0.0,0.0,N3 R3 sample 3_Subt2__0__11-09-36-810.csv,N3
5.0,150.0,,,,1.0,0.78,1.6,0.0,0.2831209550691732,0.5581211536430938,0.0,0.0,0.0,0.2595093930990165,0.2663796919888112,0.2664603801713899,0.0,0.0,0.0,0.0,N3 R3 sample 4_Subt2__0__11-01-28-321.csv,N3
5.0,150.0,,,,1.0,0.75,1.6,0.0,0.0,0.458705859775285,0.3301817619107057,0.0,0.2765759985519764,0.0,0.0,0.2968371279990392,0.3154600479842657,0.0,0.0,0.0,N3 R3 sample 5_Subt2__0__11-03-59-318.csv,N3
5.0,150.0,,,,1.0,0.75,1.6,0.0,0.0,0.3808932056859588,0.4050678212816828,0.0,0.3805640588923214,0.0,0.0,0.3611160098836698,0.3853895610270173,0.0,0.0,0.0,N3 R3 sample 6_Subt2__0__11-04-31-817.csv,N3
5.0,150.0,,,,1.0,0.82,1.52,0.0,0.0,0.4327860720829792,0.3530591708693053,0.0,0.0,0.0,0.4002217074571839,0.3998772853097379,0.4138204152617801,0.4132670926777926,0.4128651932900017,0.0,N3 R3 sample 7_Subt2__0__11-05-05-816.csv,N3
5.0,150.0,,,,1.0,0.82,1.52,0.0,0.0,0.568156913286947,0.0,0.0,0.2782002671547242,0.0,0.2742857204131809,0.2801817277696482,0.2791532250019896,0.0,0.0,0.0,N3 R3 sample 8_Subt2__0__11-05-41-316.csv,N3
5.0,150.0,,,,1.0,0.82,1.42,0.0,0.2197511400850119,0.3751367198836501,0.2151154480658957,0.2348594475308893,0.0,0.2428388285690491,0.1953587841933417,0.1779007774975435,0.1776455071702262,0.2223880918616813,0.2221949429566801,0.0,N3 R3 sample 9_Subt2__0__11-07-03-814.csv,N3
5.0,150.0,,,,1.0,0.82,1.42,0.0,0.3733821228359836,0.5254778239147032,0.0,0.0,0.3303852718872594,0.0,0.0,0.0,0.0,0.0,0.0,0.2875612085729069,N3 R3 sample 10_Subt2__0__11-07-21-813.csv,N3
5.0,150.0,,,,1.0,0.85,1.27,0.3499212640869367,0.3788539621479002,0.294073749872826,0.2517679029799696,0.2115980908143706,0.0,0.2072637756782813,0.0,0.0,0.0,0.0,0.0,0.0,N3 R3 sample 11_Subt2__0__11-07-52-813.csv,N3
5.0,150.0,,,,1.0,0.85,1.27,0.5321286662322418,0.3717863497727753,0.3126278520740822,0.28751055190718,0.0,0.0,0.0,0.0,0.0,0.0,0.0,0.0,0.0,N3 R3 sample 12_Subt2__0__11-08-11-812.csv,N3
50.0,85.0,,,,1.0,1.08,1.48,0.2949353626900186,0.2077149844668708,0.1792103804430589,0.0986638495405886,0.1171987821177378,0.1355388056616291,0.1444778400159801,0.0,0.0,0.1029025319974078,0.0997228553007802,0.0996371682375882,0.092745023986527,N3 R4 sample 1_Subt2__0__12-50-48-674.csv,N3
50.0,85.0,,,,1.0,1.08,1.48,0.0,0.3341492029608263,0.2815331585829666,0.2190776244380416,0.2447489722597618,0.0,0.2727859862753869,0.0,0.2785846704365698,0.2784325491170051,0.1736377835860504,0.220901083460435,0.0,N3 R4 sample 2_Subt2__0__12-51-09-174.csv,N3
20.0,85.0,,,,1.0,0.95,1.6,0.0,0.2793134841269698,0.2748405989790838,0.0,0.3957619794024498,0.0,0.3915762083338568,0.0,0.0,0.3450846271822508,0.3448990116415769,0.3447563107025015,0.2346137076459968,N3 R4 sample 3_Subt2__0__12-20-01-215.csv,N3
20.0,85.0,,,,1.0,0.95,1.6,0.2049684054213979,0.3073839420887043,0.3640552465245744,0.0,0.189391138402853,0.1909357333009798,0.1699670317192694,0.1765506260957212,0.1763614786837881,0.0,0.0,0.0,0.2127654797989602,N3 R4 sample 4_Subt2__0__12-20-46-714.csv,N3
5.0,85.0,,,,1.0,1.0,1.6,0.1318392219641857,0.3284266493193965,0.1742205220123718,0.1221619474323247,0.0,0.0963746692039716,0.1208458910483571,0.0938501414172261,0.0957316008063174,0.0875537265631848,0.0904912854792646,0.090373521273853,0.0952580393691803,N3 R4 sample 5_Subt2__0__12-06-43-233.csv,N3
5.0,85.0,,,,1.0,1.0,1.6,0.0,0.286188596564115,0.3255368325097297,0.0,0.0,0.4614895022407416,0.0,0.0,0.0,0.2838936224288583,0.2837492779739394,0.2836358063844299,0.2476846695301191,N3 R4 sample 6_Subt2__0__12-07-35-732.csv,N3
5.0,85.0,,,,1.0,0.78,1.6,0.0,0.3077536533811664,0.5301706315451954,0.0,0.0,0.0,0.2699327873127443,0.2561359408401749,0.2549221160938751,0.2545577380353855,0.0,0.2643736160862919,0.2681588678121349,N3 R4 sample 7_Subt2__0__12-08-24-731.csv,N3
5.0,85.0,,,,1.0,0.78,1.6,0.0,0.2561412104041211,0.4164591901638783,0.2584678900403507,0.2100123130671197,0.1860983170562538,0.1874305319138368,0.1869968225596311,0.0,0.0,0.0,0.195286093527194,0.198344466854567,N3 R4 sample 8_Subt2__0__12-08-48-230.csv,N3
5.0,85.0,,,,1.0,0.72,1.58,0.2158883657384555,0.2376882621145905,0.4134371128748758,0.2979425539233317,0.0,0.3162124478052221,0.0,0.0,0.0,0.0,0.0,0.2351350362914776,0.2379099827660884,N3 R4 sample 9_Subt2__0__12-09-45-229.csv,N3
5.0,85.0,,,,1.0,0.72,1.58,0.0,0.1737595423325751,0.3195059050873105,0.2401281164613081,0.1139467466164851,0.1973897109117345,0.1455202803602867,0.1206222735076282,0.1205206319323854,0.1259390589180735,0.1173272408352484,0.119704840525432,0.1225390974938497,N3 R4 sample 10_Subt2__0__12-10-28-728.csv,N3
5.0,85.0,,,,1.0,0.62,1.48,0.0,0.0,0.3237259908417658,0.3514781212792277,0.3664819215425561,0.0,0.487988546712095,0.0,0.0,0.0,0.0,0.0,0.0,N3 R4 sample 11_Subt2__0__12-11-09-227.csv,N3
5.0,85.0,,,,1.0,0.62,1.48,0.0,0.1778111085873261,0.291247768482303,0.3030615754548558,0.3340527135638949,0.0,0.3417673203363271,0.3128500861031327,0.3125382571399231,0.2948401849753975,0.2946099322753675,0.294440718064911,0.0,N3 R4 sample 12_Subt2__0__12-11-30-727.csv,N3
60.0,150.0,,,,1.0,1.1,1.2,0.4768336730170175,0.3602171747276145,0.0,0.2578626653375501,0.2915708848279163,0.0,0.2595687563986208,0.0,0.0,0.0,0.2526860791926187,0.2526064654377498,0.2565983290269014,N3 R5 sample 1_Subt2__0__14-22-41-051.csv,N3
60.0,150.0,,,,1.0,1.1,1.2,0.394002933268078,0.3300971183849757,0.0,0.1962949580268669,0.1970643829149294,0.2344374904114388,0.1981811932738402,0.1992362243276965,0.2354461228449333,0.1969281017174363,0.1975663137080788,0.2194452897813855,0.253940330694216,N3 R5 sample 2_Subt2__0__14-23-09-550.csv,N3
60.0,150.0,,,,1.0,0.95,1.2,0.3269025878852523,0.2266002200683465,0.0,0.0,0.0,0.2324851052697647,0.1926988459294698,0.1715134650136212,0.1715134650136212,0.1242797746621331,0.1532293412338509,0.2116070943911414,0.2161772938497288,N3 R5 sample 3_Subt2__0__14-23-27-050.csv,N3
60.0,150.0,,,,1.0,0.95,1.2,0.3814684063949642,0.2317796626430482,0.0,0.0,0.0,0.161565002357712,0.1603539738767068,0.1423904064387016,0.1503972994501121,0.1434961736714625,0.1555327444195443,0.1554075382113995,0.1657750567281637,N3 R5 sample 4_Subt2__0__14-23-49-549.csv,N3
55.0,150.0,,,,1.0,1.08,1.2,0.0,0.0,0.0,0.0,0.0,0.0,0.0,0.0,0.0,0.0,0.0,0.0,0.0,N3 R5 sample 5_Subt2__0__14-20-38-053.csv,N3
55.0,150.0,,,,1.0,1.08,1.2,0.3789281972533675,0.2900227745917421,0.0,0.0,0.2032634997508845,0.233029130652296,0.179432410965879,0.1697267257294333,0.1696679682244554,0.1787341250684708,0.1889162379425242,0.1887716901008222,0.1717692934957028,N3 R5 sample 6_Subt2__0__14-21-15-551.csv,N3
5.0,150.0,,,,1.0,0.78,1.55,0.0,0.0,0.3689040879099877,0.3533322073333464,0.0,0.0,0.0,0.3995112410815666,0.3995112410815666,0.271484295787386,0.3920117784411597,0.3915525450531898,0.0,N3 R5 sample 7_Subt2__0__13-32-18-613.csv,N3
5.0,150.0,,,,1.0,0.78,1.55,0.0,0.0,0.3778560203338773,0.2378499546595278,0.0,0.1851613375405255,0.0,0.1691771193916215,0.1653340058462457,0.1675910765963175,0.1621305831820421,0.1563961409270004,0.1505382048981072,N3 R5 sample 8_Subt2__0__13-33-04-117.csv,N3
5.0,150.0,,,,1.0,0.75,1.55,0.0,0.0,0.4303754136720897,0.3524252790118451,0.0,0.0,0.0,0.3058014543851606,0.3058014543851606,0.3581142371097783,0.3578106244906534,0.3074214281877757,0.3130036169848674,N3 R5 sample 9_Subt2__0__13-33-41-616.csv,N3
5.0,150.0,,,,1.0,0.75,1.55,0.0,0.0,0.4731017212418575,0.0,0.0,0.0,0.0,0.2319914002923671,0.2613929060630422,0.2483355822544078,0.2258172955023559,0.2250757651644348,0.2258744892381615,N3 R5 sample 10_Subt2__0__13-34-19-615.csv,N3
5.0,150.0,,,,1.0,0.78,1.32,0.0,0.4740021560434816,0.3770210997189356,0.3147276239487304,0.0,0.2820299490906923,0.0,0.0,0.0,0.0,0.0,0.0,0.0,N3 R5 sample 11_Subt2__0__13-34-40-115.csv,N3
5.0,150.0,,,,1.0,0.78,1.32,0.2624343889406645,0.4352399745028442,0.2964915379978911,0.2639739738470172,0.2319466504528096,0.2202533959186747,0.0,0.0,0.0,0.0,0.0,0.0,0.0,N3 R5 sample 12_Subt2__0__13-35-15-114.csv,N3
60.0,80.0,,,,1.0,0.75,1.4,0.0,0.1819739604693097,0.2057894709000143,0.1656706498908639,0.215294457888856,0.0,0.3626825666529821,0.3625882409725813,0.0,0.2007173319275866,0.2006003890746615,0.2005089979297802,0.1565470936832178,N3 R6 sample 1_Subt2__0__16-14-09-465.csv,N3
60.0,80.0,,,,1.0,0.75,1.4,0.0,0.2896609575878678,0.2543863519811238,0.1766480486760135,0.0,0.2281526647543041,0.2221069822282937,0.1899721044951839,0.2494138497585534,0.0,0.0,0.0,0.329356412126629,N3 R6 sample 2_Subt2__0__16-14-54-451.csv,N3
10.0,80.0,,,,1.0,1.08,1.4,0.0,0.6119892253266178,0.4065292550805546,0.0,0.0,0.0,0.0,0.0,0.0,0.0,0.0,0.0,0.0,N3 R6 sample 3_Subt2__0__15-27-55-527.csv,N3
10.0,80.0,,,,1.0,1.08,1.4,0.3448681562792248,0.5447634558423938,0.3723742240640831,0.0,0.0,0.0,0.0,0.0,0.0,0.0,0.0,0.0,0.0,N3 R6 sample 4_Subt2__0__15-28-10-527.csv,N3
5.0,80.0,,,,1.0,0.7,1.6,0.0,0.3028124490794603,0.5273749414896632,0.0,0.2889061125968037,0.3223375699406449,0.0,0.0,0.0,0.0,0.0,0.0,0.0,N3 R6 sample 5_Subt2__0__15-22-20-035.csv,N3
5.0,80.0,,,,1.0,0.7,1.6,0.0,0.3307091203853731,0.5465438472600598,0.3762790549092139,0.0,0.0,0.0,0.0,0.0,0.0,0.0,0.0,0.0,N3 R6 sample 6_Subt2__0__15-22-56-534.csv,N3
5.0,80.0,,,,1.0,1.1,1.4,0.0,0.6057237998743125,0.4127919393564426,0.0,0.0,0.0,0.0,0.0,0.0,0.0,0.0,0.0,0.0,N3 R6 sample 7_Subt2__0__15-23-24-033.csv,N3
5.0,80.0,,,,1.0,1.1,1.4,0.4481666372232875,0.5500046143095955,0.0,0.0,0.0,0.0,0.0,0.0,0.0,0.0,0.0,0.0,0.0,N3 R6 sample 8_Subt2__0__15-24-47-531.csv,N3
5.0,80.0,,,,1.0,0.92,1.4,0.0,0.5524254982130105,0.4660929180978666,0.0,0.0,0.0,0.0,0.0,0.0,0.0,0.0,0.0,0.0,N3 R6 sample 9_Subt2__0__15-25-37-022.csv,N3
5.0,80.0,,,,1.0,0.92,1.4,0.0,0.5903000040558216,0.426135460394185,0.0,0.0,0.0,0.0,0.0,0.0,0.0,0.0,0.0,0.0,N3 R6 sample 10_Subt2__0__15-26-14-029.csv,N3
5.0,80.0,,,,1.0,0.62,1.3,0.033908110451417,0.140972395748339,0.1948413101190337,0.0932274381156923,0.0231797493974886,0.0548746514586585,0.0392335011841017,0.017854860268306,0.0135921806134172,0.0132409143217366,0.0427554885694938,0.0161885222390885,0.0543578299032374,N3 R6 sample 11_Subt2__0__15-26-39-019.csv,N3
5.0,80.0,,,,1.0,0.62,1.3,0.0,0.2606702552142137,0.2428598765529797,0.1983520390315638,0.1708929368997009,0.179554436343414,0.1471466114874759,0.1488660376711137,0.1149369570249275,0.1406022770246537,0.1404098271985622,0.1402681778714564,0.1606292082419485,N3 R6 sample 12_Subt2__0__15-27-07-528.csv,N3
10.0,60.0,,,,1.0,0.57,1.6,0.0,0.0,0.2572472783986705,0.2555876802688713,0.321716514645497,0.0,0.0,0.0,0.0,0.4265814573876225,0.4263617581192118,0.3619947098260909,0.3671376482740174,N3 R7 sample 1_Subt2__0__16-59-39-404.csv,N3
10.0,60.0,,,,1.0,0.57,1.6,0.0,0.2537835515075732,0.2811246950806691,0.3501880515319497,0.0,0.0,0.0,0.0,0.0,0.4243119041314607,0.4174215342542912,0.41722834467358,0.0,N3 R7 sample 2_Subt2__0__16-59-56-892.csv,N3
10.0,60.0,,,,1.0,0.55,1.6,0.0,0.2027847924547346,0.2821390539328063,0.277049875606097,0.2865064770885547,0.2547251712887818,0.0,0.0,0.1985132912370562,0.443951774794352,0.4437220500375198,0.0,0.0,N3 R7 sample 3_Subt2__0__17-02-12-400.csv,N3
10.0,60.0,,,,1.0,0.55,1.6,0.0,0.0,0.0,0.3252614114643565,0.0,0.0,0.0,0.0,0.0,0.5496284218451195,0.5496284218451195,0.5496284218451195,0.381962447398233,N3 R7 sample 4_Subt2__0__17-00-54-402.csv,N3
5.0,60.0,,,,1.0,0.98,1.6,0.0,0.4317710139488063,0.4082490323305225,0.0,0.3727218714319005,0.0,0.2696951592717478,0.2572107290880863,0.2546867075593639,0.0,0.0,0.0,0.0,N3 R7 sample 5_Subt2__0__16-52-51-413.csv,N3
5.0,60.0,,,,1.0,0.98,1.6,0.1820249191399638,0.3484063081858082,0.2665628067208649,0.1928861847245459,0.0,0.159408688770818,0.1533782109722377,0.1532847268917331,0.0,0.0,0.1440196550798564,0.1464461475882302,0.1487005961927039,N3 R7 sample 6_Subt2__0__16-54-25-911.csv,N3
5.0,60.0,,,,1.0,0.62,1.6,0.0432521489724148,0.1737187205689769,0.1552947102937286,0.1625082421373107,0.1493286355815032,0.1082909154785906,0.0609935991507453,0.0245646887540067,0.0228147544432535,0.02270875914093,0.0174536837448175,0.0173703701274576,0.0217202972969656,N3 R7 sample 7_Subt2__0__16-54-51-410.csv,N3
5.0,60.0,,,,1.0,0.62,1.6,0.0,0.16944567923217,0.2012040155802213,0.1489195349920738,0.2147693789568293,0.0,0.258925556076168,0.1801918716296345,0.1766936716563643,0.1323995357139974,0.2475501090782838,0.2473353569548111,0.0,N3 R7 sample 8_Subt2__0__16-55-51-909.csv,N3
5.0,60.0,,,,1.0,0.57,1.6,0.0,0.2869174282362337,0.3137263179392532,0.3641838105898092,0.0,0.0,0.5391640607322875,0.5385612154835315,0.0,0.0,0.0,0.0,0.0,N3 R7 sample 9_Subt2__0__16-56-45-908.csv,N3
5.0,60.0,,,,1.0,0.57,1.6,0.0,0.2282462699815528,0.2348901875334262,0.2775180770837058,0.2067980239262148,0.0,0.3973965332900482,0.0,0.0,0.1964888622291225,0.1963289938792466,0.2537856534035745,0.2570371463073134,N3 R7 sample 10_Subt2__0__16-57-47-906.csv,N3
5.0,60.0,,,,1.0,0.4,1.6,0.0,0.0,0.0,0.0,0.0,0.0,0.0,0.0,0.0,0.6033425725679066,0.6347962699980694,0.5792407072912584,0.0,N3 R7 sample 11_Subt2__0__16-58-29-905.csv,N3
5.0,60.0,,,,1.0,0.4,1.6,0.0,0.0,0.0,0.30131509240072,0.0,0.0,0.0,0.0,0.0,0.5756115166149829,0.5756115166149829,0.5756115166149829,0.3552694051738432,N3 R7 sample 12_Subt2__0__16-58-51-405.csv,N3
25.0,150.0,,,,1.0,0.6,1.55,0.0,0.0,0.4223206754671111,0.0,0.0,0.0,0.0,0.4675893273360594,0.4675893273360594,0.4458762942449488,0.0,0.0,0.0,N3 R8 sample 1_Subt2__0__13-54-56-143.csv,N3
25.0,150.0,,,,1.0,0.6,1.55,0.0,0.0,0.2877309451656608,0.1927558996217221,0.1508539974861004,0.2175016849414601,0.0,0.0,0.2704981087155895,0.3110833585683222,0.2035011028375208,0.1444264321097586,0.3118428914413614,N3 R8 sample 2_Subt2__0__13-42-28-660.csv,N3
20.0,150.0,,,,1.0,0.7,1.52,0.0,0.0,0.2766271384981137,0.2660804992004003,0.228960522384723,0.0,0.0,0.3402038220118864,0.3400427686654311,0.3868555343657097,0.3865813218096778,0.3863740600205161,0.3500928368713509,N3 R8 sample 3_Subt2__0__13-55-45-142.csv,N3
20.0,150.0,,,,1.0,0.7,1.52,0.0,0.0,0.321038399169279,0.0,0.0,0.0,0.0,0.0,0.453985406020394,0.4544293653123891,0.2958422124691761,0.0,0.4078557208761146,N3 R8 sample 4_Subt2__0__13-56-04-142.csv,N3
10.0,150.0,,,,1.0,0.7,1.5,0.0,0.0,0.290879720173855,0.0,0.0,0.0,0.0,0.4374669097896652,0.4374669097896652,0.4781663195943544,0.0,0.0,0.0,N3 R8 sample 5_Subt2__0__13-56-36-641.csv,N3
10.0,150.0,,,,1.0,0.7,1.5,0.0,0.2806919624057223,0.3365894929840835,0.2829251829537556,0.2829638801928397,0.0,0.0,0.0,0.4115747270929217,0.4113946913469206,0.4846650638767782,0.4844924399695873,0.0,N3 R8 sample 6_Subt2__0__13-57-16-140.csv,N3
5.0,150.0,,,,1.0,0.6,1.55,0.0,0.0,0.3605805884159622,0.0,0.3026015088158506,0.0,0.0,0.4149063307529567,0.4144444584086866,0.4362443380894096,0.4355559739103283,0.4350635971621359,0.0,N3 R8 sample 7_Subt2__0__13-38-15-165.csv,N3
5.0,150.0,,,,1.0,0.6,1.55,0.0,0.0,0.4058033492860693,0.305938496973639,0.255387022680034,0.0,0.0,0.3614662104819368,0.3610174740924884,0.382662480453972,0.0,0.0,0.0,N3 R8 sample 8_Subt2__0__13-38-59-665.csv,N3
5.0,150.0,,,,1.0,0.7,1.52,0.0,0.0,0.3080973162526733,0.2694072096180139,0.0,0.0,0.0,0.0,0.469744272418414,0.3070714131302618,0.0,0.0,0.3268801844320093,N3 R8 sample 9_Subt2__0__13-39-21-664.csv,N3
5.0,150.0,,,,1.0,0.7,1.52,0.0,0.0,0.3000214164623214,0.2643182586671614,0.2735389766385035,0.0,0.0,0.3297045682407878,0.3292641702119549,0.460390582163844,0.4599570984684565,0.4596431659733401,0.0,N3 R8 sample 10_Subt2__0__13-40-08-663.csv,N3
5.0,150.0,,,,1.0,0.62,1.52,0.0,0.0,0.2825946169177381,0.3088061669222685,0.3178614813853502,0.0,0.0,0.3681865524419707,0.422531252421563,0.4219419998581464,0.0,0.0,0.0,N3 R8 sample 11_Subt2__0__13-40-58-662.csv,N3
5.0,150.0,,,,1.0,0.62,1.52,0.0,0.2026920322367344,0.3759227672717012,0.3479592839621919,0.2920069598614641,0.0,0.0,0.3548146041947519,0.3545526966681984,0.2515712436443667,0.2513433572192152,0.2511739862218859,0.0,N3 R8 sample 12_Subt2__0__13-41-41-657.csv,N3
60.0,115.0,,,,1.0,0.82,1.55,0.0,0.0,0.2464061918972317,0.3139769097959774,0.2307041034710626,0.1849929988550086,0.0,0.1450784867111506,0.1395578424337925,0.1280847948387487,0.1278550416751172,0.129859729082382,0.1565333659709128,N3 R9 sample 1_Subt2__0__15-36-39-006.csv,N3
60.0,115.0,,,,1.0,0.82,1.55,0.0,0.3691440776550334,0.2467151165874248,0.1549809807646752,0.1616192400164442,0.1516273627074887,0.0,0.1913905127527498,0.1793881923451819,0.0,0.0,0.0,0.1782155185282949,N3 R9 sample 2_Subt2__0__15-37-00-505.csv,N3
55.0,115.0,,,,1.0,0.82,1.6,0.0,0.1498244619792542,0.3521634760864938,0.1514769336888122,0.1180179887013752,0.1089751725921753,0.1037404494173249,0.1069755635307747,0.1067097813888612,0.0888324701403775,0.1047909721346241,0.0975656747471647,0.0882487033095665,N3 R9 sample 3_Subt2__0__15-37-15-505.csv,N3
55.0,115.0,,,,1.0,0.82,1.6,0.0,0.3131864643741044,0.2463850326326719,0.1655740215702372,0.1445022456896028,0.1277559243744624,0.1302673734878006,0.1589055467910121,0.1212073532148155,0.0,0.0,0.0,0.1608945496645692,N3 R9 sample 4_Subt2__0__15-37-39-505.csv,N3
50.0,115.0,,,,1.0,0.82,1.6,0.0,0.2424144115702015,0.4180866979876187,0.3122557833975314,0.0,0.2179289849168175,0.2226383808486856,0.1987101500240449,0.2115258149445417,0.2112021561895973,0.0,0.0,0.0,N3 R9 sample 5_Subt2__0__15-27-24-519.csv,N3
50.0,115.0,,,,1.0,0.82,1.6,0.0,0.1950964495480718,0.2524433278908893,0.0858865494994238,0.0769121972446534,0.0772168988931416,0.0791016546836703,0.0788028792232326,0.0731960127998521,0.064771923829488,0.0636435353659431,0.0634827819606704,0.0795200780777319,N3 R9 sample 6_Subt2__0__15-28-02-518.csv,N3
25.0,115.0,,,,1.0,0.9,1.6,0.0,0.3061348852195255,0.0,0.0,0.0,0.0,0.5128604981856085,0.0,0.0,0.3330299529675399,0.3330299529675399,0.2576934010309383,0.3042512287411874,N3 R9 sample 7_Subt2__0__15-10-01-042.csv,N3
25.0,115.0,,,,1.0,0.9,1.6,0.0,0.0,0.0,0.0,0.0,0.0,0.0,0.0,0.0,0.0,0.0,0.0,0.0,N3 R9 sample 8_Subt2__0__15-10-22-042.csv,N3
25.0,115.0,,,,1.0,0.82,1.6,0.0,0.4685454959290425,0.0,0.0,0.0,0.2042888213352028,0.197195088883609,0.1896449811290225,0.196410824965816,0.1774653774587785,0.1770789820996024,0.1767970114365374,0.2091550115942776,N3 R9 sample 9_Subt2__0__15-11-05-041.csv,N3
25.0,115.0,,,,1.0,0.82,1.6,0.0,0.2368948552083803,0.1546352787829326,0.0882409403902829,0.0671651316087305,0.0711779475871888,0.06356431701825,0.0624994085115546,0.0562858631135933,0.0359253086489439,0.0457569669263014,0.045587033892037,0.0831685125744327,N3 R9 sample 10_Subt2__0__15-11-25-540.csv,N3
5.0,115.0,,,,1.0,0.82,1.6,0.2042764604503969,0.24611812689151,0.3479958984969467,0.2692288137496563,0.1907504291567076,0.1585165214441501,0.0,0.1564210715553189,0.156259872574189,0.0,0.0,0.0,0.16282103384964,N3 R9 sample 11_Subt2__0__14-44-04-077.csv,N3
5.0,115.0,,,,1.0,0.82,1.6,0.0,0.4477540770707632,0.2752830755409555,0.0,0.0,0.0,0.2796757348506717,0.198619107201919,0.2050010778238442,0.2015246190698983,0.2013117999340161,0.2102646746599479,0.2203928503735191,N3 R9 sample 12_Subt2__0__14-47-07-561.csv,N3
